Name,PredominantDegree,HighestDegree,FundingModel,Region,Geography,AdmissionRate,ACTMedian,SATAverage,AverageCost,Expenditure,AverageFacultySalary,MedianDebt,AverageAgeofEntry,MedianFamilyIncome,MedianEarnings
Stanford University,Bachelor's,Graduate,Private,Far West,Large Suburb,0.0569,33,1466,58408,88200,19862,11500,21.6100006,53935.5,76500
Yale University,Bachelor's,Graduate,Private,New England,Mid-size City,0.0705,34,1497,59320,106214,16042,12000,22.2999992,45652.5,70600
Princeton University,Bachelor's,Graduate,Private,Mid-Atlantic,Large Suburb,0.0741,33,1495,55430,48021,15711,7500,20.0400009,50686,66500
Cooper Union for the Advancement of Science and Art,Bachelor's,Graduate,Private,Mid-Atlantic,Large City,0.0774,31,1358,56735,24981,11865,17500,20.3400002,46772,50400
Massachusetts Institute of Technology,Bachelor's,Graduate,Private,New England,Mid-size City,0.0815,34,1503,57010,58223,15617,13000,21.0100002,79076,86900
University of Chicago,Bachelor's,Graduate,Private,Great Lakes,Large City,0.0881,34,1504,62425,74864,16589,17610,21.8099995,53224,58700
Brown University,Bachelor's,Graduate,Private,New England,Mid-size City,0.0918,32,1425,58140,30823,13381,15164,19.7800007,84559,54400
Dartmouth College,Bachelor's,Graduate,Private,New England,Remote Town,0.0978,32,1446,61398,25268,13143,10695.5,20.2000008,78815,60300
California Institute of Technology,Bachelor's,Graduate,Private,Far West,Mid-size City,0.1055,34,1534,56382,92854,16120,14583,19.7900009,53201,60100
Claremont McKenna College,Bachelor's,Graduate,Private,Far West,Large Suburb,0.1173,31,1397,60065,26268,9388,12086,19.5400009,88986.5,55600
University of Pennsylvania,Bachelor's,Graduate,Private,Mid-Atlantic,Large City,0.1224,32,1442,59600,52081,15460,19500,22.2199993,62169,73200
Vanderbilt University,Bachelor's,Graduate,Private,Southeast,Large City,0.1274,33,1475,59890,76995,12871,13000,19.9300003,74999.5,54400
Adventist University of Health Sciences,Bachelor's,Graduate,Private,Southeast,Mid-size City,0.1336,19,884,21358,8382,6539,15236,28.7099991,49657.5,51800
Duke University,Bachelor's,Graduate,Private,Southeast,Mid-size City,0.1342,32,1444,59528,51653,14288,6569,21.3099995,73265,69400
Northwestern University,Bachelor's,Graduate,Private,Great Lakes,Small City,0.1532,33,1458,60729,34438,14525,18234,21.5,71885.5,58100
Washington University in St Louis,Bachelor's,Graduate,Private,Great Plains,Large Suburb,0.1555,33,1474,62594,97613,13286,19500,21.3899994,77947.5,58300
Cornell University,Bachelor's,Graduate,Private,Mid-Atlantic,Small City,0.1556,32,1422,59572,23140,13820,11500,19.7999992,81957,65000
Rice University,Bachelor's,Graduate,Private,Southwest,Large City,0.1674,33,1454,52242,39651,13468,7727,20.4599991,71258,56500
Georgetown University,Bachelor's,Graduate,Private,Mid-Atlantic,Large City,0.1697,31,1398,59900,29282,12851,17125,21.8700008,60247,76200
Williams College,Bachelor's,Graduate,Private,New England,Fringe Town,0.1702,32,1439,59412,39164,12027,11248,19.3299999,88403.5,46400
Middlebury College,Bachelor's,Graduate,Private,New England,Distant Town,0.1716,32,1391,59200,23214,10599,17777.5,21.6000004,60997.5,49100
Johns Hopkins University,Bachelor's,Graduate,Private,Mid-Atlantic,Large City,0.1813,32,1418,58980,75570,10922,17500,22.9200001,57761.5,64400
Washington and Lee University,Bachelor's,Graduate,Private,Southeast,Distant Town,0.1843,32,1392,56616,28860,12144,18543,20.3099995,112856,61800
Tufts University,Bachelor's,Graduate,Private,New England,Large Suburb,0.1884,32,1428,58752,21026,11427,17300,21.4200001,64738,57400
University of Southern California,Bachelor's,Graduate,Private,Far West,Large City,0.1984,31,1380,59787,42077,13045,21500,21.6599999,42938,62300
Wesleyan University,Bachelor's,Graduate,Private,New England,Small City,0.2092,31,1387,61167,24442,11163,17625,19.3799992,88497,42000
Liberty University,Bachelor's,Graduate,Private,Southeast,Small City,0.2165,23,1030,31344,2167,4102,12612,25.4500008,51134,31400
Missouri Valley College,Bachelor's,Graduate,Private,Great Plains,Remote Town,0.2218,20,920,28754,3545,4635,10500,20.7000008,49223.5,31000
Colorado College,Bachelor's,Graduate,Private,Rocky Mountains,Large City,0.2228,30,1323,54200,20972,10886,17255,20.1299992,73379,34400
University of Notre Dame,Bachelor's,Graduate,Private,Great Lakes,Large Suburb,0.223,33,1450,57805,26795,12629,20300,20.0900002,106005,63200
Art Academy of Cincinnati,Bachelor's,Graduate,Private,Great Lakes,Large City,0.2548,22,1009,32485,27594,4533,20375,21.0100002,73527,24000
Carnegie Mellon University,Bachelor's,Graduate,Private,Mid-Atlantic,Large City,0.2549,32,1432,59710,24821,11055,23000,19.8299999,90107.5,72200
Northwood University-Texas,Bachelor's,Graduate,Private,Southwest,Fringe Rural,0.2578,20,924,31642,5038,6060,18750,25.4599991,49456,40800
New York University,Bachelor's,Graduate,Private,Mid-Atlantic,Large City,0.2605,30,1352,60059,28606,13434,21500,20.7299995,74827,52500
Emory University,Bachelor's,Graduate,Private,Southeast,Large Suburb,0.2633,31,1363,58180,33796,12133,19000,21.2000008,64962,56900
Colgate University,Bachelor's,Graduate,Private,Mid-Atlantic,Distant Town,0.2638,31,1370,57745,21634,10985,15062.5,19.2900009,91654,53400
Tulane University of Louisiana,Bachelor's,Graduate,Private,Southeast,Large City,0.2643,31,1341,58904,21299,10880,20001,22.8199997,45863.5,51200
Rhode Island School of Design,Bachelor's,Graduate,Private,New England,Mid-size City,0.2731,28,1239,59597,20460,7949,25000,21.5300007,75194,39200
University of North Carolina at Chapel Hill,Bachelor's,Graduate,Public,Southeast,Small City,0.2759,30,1313,23069,25891,11392,15000,20.6299992,64969.5,48000
Babson College,Bachelor's,Graduate,Private,New England,Large Suburb,0.2821,28,1258,58450,13960,14952,27000,20.2800007,80987,74700
Bucknell University,Bachelor's,Graduate,Private,Mid-Atlantic,Distant Town,0.2951,30,1306,59090,19054,10168,25000,19.4200001,102976,54800
University of Virginia-Main Campus,Bachelor's,Graduate,Public,Southeast,Small City,0.2999,31,1362,25255,16577,12428,17746,20.3799992,84687,53600
Oberlin College,Bachelor's,Graduate,Private,Great Lakes,Fringe Town,0.3041,30,1354,59683,27620,9872,23250,19.3600006,97279,33200
Lehigh University,Bachelor's,Graduate,Private,Mid-Atlantic,Small City,0.3084,30,1322,55441,19955,12344,22500,19.3299999,102543,68600
University of Richmond,Bachelor's,Graduate,Private,Southeast,Mid-size City,0.3116,30,1313,55980,18204,10983,18370,22.2800007,90735.5,51500
San Diego State University,Bachelor's,Graduate,Public,Far West,Large City,0.3121,24,1090,20252,6797,9229,14495,21.9899998,37534,44000
California Polytechnic State University-San Luis Obispo,Bachelor's,Graduate,Public,Far West,Small Suburb,0.3123,28,1242,23867,9907,8675,17500,20.3999996,72114,55400
Trinity College,Bachelor's,Graduate,Private,New England,Mid-size City,0.3178,27,1240,59865,23403,10884,19275,20.3199997,87726,50300
Boston College,Bachelor's,Graduate,Private,New England,Small City,0.3222,32,1375,58639,18302,13355,19000,20.6000004,81102,61800
Corban University,Bachelor's,Graduate,Private,Far West,Mid-size City,0.3225,23,1067,38834,6654,5463,19500,22.9799995,65500.5,32500
Northeastern University,Bachelor's,Graduate,Private,New England,Large City,0.3231,32,1394,55914,13078,11581,25759.5,20.9300003,83394,56400
University of Missouri-Kansas City,Bachelor's,Graduate,Public,Great Plains,Large City,0.33,24,1105,23437,15048,8305,15750,23.3099995,40642,41300
George Washington University,Bachelor's,Graduate,Private,Mid-Atlantic,Large City,0.3308,29,1297,58925,19705,13058,22723,20.2999992,85746,60100
SUNY at Purchase College,Bachelor's,Graduate,Public,Mid-Atlantic,Large Suburb,0.3319,24,1082,22381,10361,7092,19750,20.6100006,63153,30900
College of William and Mary,Bachelor's,Graduate,Public,Southeast,Small Suburb,0.3321,30,1358,25938,13265,10253,19500,19.9599991,98940,48800
University of Michigan-Ann Arbor,Bachelor's,Graduate,Public,Great Lakes,Mid-size City,0.3326,30,1352,25760,22051,10509,21000,20.8799992,69630,53400
Nebraska Methodist College of Nursing & Allied Health,Bachelor's,Graduate,Private,Great Plains,Large City,0.3333,23,1070,23987,9227,5994,22683.5,24.7700005,48876,46700
Oakwood University,Bachelor's,Graduate,Private,Southeast,Mid-size City,0.3435,20,924,34705,7656,5307,22000,21.2299995,42094.5,27300
Skidmore College,Bachelor's,Graduate,Private,Mid-Atlantic,Small Suburb,0.3505,28,1247,58562,19402,9067,19500,20.25,79221,41900
University of Rochester,Bachelor's,Graduate,Private,Mid-Atlantic,Mid-size City,0.3568,31,1353,59156,29937,12762,24325.5,20.2399998,85192,50200
Scripps College,Bachelor's,Graduate,Private,Far West,Large Suburb,0.357,31,1364,58888,28314,10598,12500,19.7000008,79296,38800
Hampton University,Bachelor's,Graduate,Private,Southeast,Mid-size City,0.3605,21,990,32358,8966,7455,22870,21,55050,38000
Ohio Valley University,Bachelor's,Graduate,Private,Southeast,Small City,0.3639,21,971,27759,6762,4740,12000,24.2399998,56558,32300
Brandeis University,Bachelor's,Graduate,Private,New England,Small City,0.3704,30,1347,58850,14309,11328,26000,19.4899998,97995,47400
Colorado School of Mines,Bachelor's,Graduate,Public,Rocky Mountains,Large Suburb,0.3743,29,1298,29091,13498,10579,22625,20.0200005,74554,73000
Alaska Pacific University,Bachelor's,Graduate,Private,Far West,Large City,0.3745,22,1008,42925,10753,5137,19250,26.5200005,48081.5,38000
University of California-San Diego,Bachelor's,Graduate,Public,Far West,Large City,0.375,28,1276,29751,22757,13126,18463,20.2000008,41248,50100
Andrews University,Bachelor's,Graduate,Private,Great Lakes,Fringe Town,0.3751,23,1070,33653,11640,4961,23000,21.6700001,53737,33400
Hardin-Simmons University,Bachelor's,Graduate,Private,Southwest,Mid-size City,0.3759,23,1035,32001,9644,6653,16137,20.9400005,60884,36700
Bryan College-Dayton,Bachelor's,Graduate,Private,Southeast,Distant Town,0.3762,23,1053,29489,4331,4166,9722,25.8700008,55458.5,35400
Western Carolina University,Bachelor's,Graduate,Public,Southeast,Fringe Rural,0.3766,22,1034,17805,7906,7493,15000,21.2700005,55820,32200
Stevens Institute of Technology,Bachelor's,Graduate,Private,Mid-Atlantic,Large Suburb,0.3816,30,1305,59479,14918,9474,26500,19.5400009,87408,79200
Southern Adventist University,Bachelor's,Graduate,Private,Southeast,Large Suburb,0.3826,23,1050,29085,9131,5123,18554,20.8999996,57374,33600
Tiffin University,Bachelor's,Graduate,Private,Great Lakes,Distant Town,0.3856,21,969,34771,2238,6822,12033,23.9300003,56315,34000
Stony Brook University,Bachelor's,Graduate,Public,Mid-Atlantic,Large Suburb,0.3948,28,1253,20611,18552,10346,17000,20.7000008,42408,48200
Bryn Mawr College,Bachelor's,Graduate,Private,Mid-Atlantic,Large Suburb,0.3992,30,1334,57586,30846,9775,22650,20.4899998,70896,46800
The University of Texas at Austin,Bachelor's,Graduate,Public,Southwest,Large City,0.4019,28,1262,25176,16906,10900,20500,20.1800003,62086,48600
University of Miami,Bachelor's,Graduate,Private,Southeast,Large Suburb,0.4044,30,1332,57700,28251,11115,18750,20.8700008,59417,51100
University of Tulsa,Bachelor's,Graduate,Private,Southwest,Large City,0.4059,29,1279,46560,16047,9672,20500,21.1200008,64324,41400
LeTourneau University,Bachelor's,Graduate,Private,Southwest,Small City,0.4066,26,1175,37031,7550,7287,23250,29.6100006,44614.5,44500
Rockford University,Bachelor's,Graduate,Private,Great Lakes,Mid-size City,0.4097,22,1029,37253,5854,5567,18750,25.4799995,45484,37400
Jefferson College of Health Sciences,Bachelor's,Graduate,Private,Southeast,Small City,0.4106,22,963,31688,10877,6610,21000,26.8600006,46314,50900
University of Connecticut-Stamford,Bachelor's,Graduate,Public,New England,Mid-size City,0.4107,21,1017,13028,4958,14803,18983,20.1200008,86510,49700
Rensselaer Polytechnic Institute,Bachelor's,Graduate,Private,Mid-Atlantic,Small City,0.412,29,1366,59470,20550,12145,27000,19.7199993,94717.5,70100
Gordon College,Bachelor's,Graduate,Private,New England,Large Suburb,0.4133,26,1156,43140,9906,7783,23000,19.3700008,88787,36700
New Mexico Institute of Mining and Technology,Bachelor's,Graduate,Public,Southwest,Remote Town,0.4136,26,1200,17600,9268,6908,9283,21.5200005,42214,48600
Barton College,Bachelor's,Graduate,Private,Southeast,Fringe Town,0.4177,20,939,37437,6597,5838,21500,24.1299992,43763.5,33800
Case Western Reserve University,Bachelor's,Graduate,Private,Great Lakes,Large City,0.4188,31,1377,55783,31974,10272,22500,21.9400005,57740,61800
University of Connecticut-Tri-Campus,Bachelor's,Graduate,Public,New England,Mid-size Suburb,0.4207,22,1015,13099,3882,12909,18983,20.1200008,86510,49700
Lander University,Bachelor's,Graduate,Public,Southeast,Distant Town,0.4216,20,945,21628,5092,5675,15250,20.9699993,45814,31300
Dallas Baptist University,Bachelor's,Graduate,Private,Southwest,Large City,0.423,23,1078,32489,7945,7607,17348.5,26.6000004,48905.5,39900
University of California-Irvine,Bachelor's,Graduate,Public,Far West,Mid-size City,0.4239,24,1122,28980,17853,12839,15500,20.1900005,50385,47100
Occidental College,Bachelor's,Graduate,Private,Far West,Large City,0.4239,29,1303,60655,16465,10402,20900,19.6100006,67714.5,41100
SUNY at Binghamton,Bachelor's,Graduate,Public,Mid-Atlantic,Mid-size Suburb,0.4287,29,1297,21966,10953,9059,17750,20.3099995,57865.5,52100
American University,Bachelor's,Graduate,Private,Mid-Atlantic,Large City,0.4312,28,1258,55159,12700,11074,19500,20.0499992,86431,51600
Alderson Broaddus University,Bachelor's,Graduate,Private,Southeast,Distant Town,0.4321,22,989,33057,7403,4924,9500,21.6900005,48013,43500
Oral Roberts University,Bachelor's,Graduate,Private,Southwest,Large City,0.4354,23,1037,35070,7486,6551,22500,21.8299999,53889,32200
State University of New York at New Paltz,Bachelor's,Graduate,Public,Mid-Atlantic,Large Suburb,0.4359,25,1129,20428,10228,6719,17500,21.0599995,59391,38500
Lawrence Technological University,Bachelor's,Graduate,Private,Great Lakes,Small City,0.4365,25,1145,39890,10272,7585,21500,22.1000004,63620,50000
Bentley University,Bachelor's,Graduate,Private,New England,Small City,0.4379,28,1234,54806,13149,12158,26000,19.6599999,93494,69000
University of Minnesota-Twin Cities,Bachelor's,Graduate,Public,Great Plains,Large City,0.4442,28,1270,24278,13003,10892,18822,20.8700008,72908.5,43300
University of California-Santa Barbara,Bachelor's,Graduate,Public,Far West,Mid-size Suburb,0.4444,27,1212,31913,10571,13048,15000,20.0499992,51240,45600
Chapman University,Bachelor's,Graduate,Private,Far West,Mid-size City,0.4471,27,1208,57020,13977,11095,19000,27.7199993,53889,48000
Newman University,Bachelor's,Graduate,Private,Great Plains,Large City,0.4472,24,1079,33524,4504,5684,16945,25.2600002,43838,39500
Brescia University,Bachelor's,Graduate,Private,Southeast,Small City,0.45,22,1010,27219,7085,5221,12146.5,23.6900005,51173,35000
University of California-Davis,Bachelor's,Graduate,Public,Far West,Small Suburb,0.4521,26,1192,31803,21365,12065,13626.5,20.5100002,41894,48500
University of North Carolina School of the Arts,Bachelor's,Graduate,Public,Southeast,Mid-size City,0.4521,23,1105,19666,20892,6953,19500,20.2000008,69633.5,29600
Boston University,Bachelor's,Graduate,Private,New England,Large City,0.4561,28,1279,59036,27281,12360,25500,19.9500008,91507,53600
SUNY College at Plattsburgh,Bachelor's,Graduate,Public,Mid-Atlantic,Distant Town,0.4564,22,1026,20371,10349,6830,18750,20.9200001,65821,36600
SUNY College at Geneseo,Bachelor's,Graduate,Public,Mid-Atlantic,Distant Town,0.4566,28,1274,21004,10011,7177,18500,19.8199997,84076,42500
Wilmington College,Bachelor's,Graduate,Private,Great Lakes,Fringe Rural,0.4603,22,1006,39415,6005,5915,21576,22.1800003,61722,35000
Spring Hill College,Bachelor's,Graduate,Private,Southeast,Mid-size City,0.4627,24,1100,43325,6999,6057,20500,21.4899998,58994,37500
University of Florida,Bachelor's,Graduate,Public,Southeast,Mid-size City,0.4655,29,1272,20456,15167,10498,14546,20.4899998,45776.5,46600
Northern Kentucky University,Bachelor's,Graduate,Public,Southeast,Large Suburb,0.467,22,1024,14603,7303,6780,15000,22.4899998,53630,32800
La Sierra University,Bachelor's,Graduate,Private,Far West,Large City,0.4677,20,926,39842,10375,7230,14500,20.9300003,51186,37300
Hope International University,Bachelor's,Graduate,Private,Far West,Large Suburb,0.4681,20,951,40303,5886,5232,17250,26.5699997,51464,33000
SUNY College at Cortland,Bachelor's,Graduate,Public,Mid-Atlantic,Distant Town,0.4683,23,1058,21840,9182,6517,18750,20.2700005,77274.5,40400
Concordia University-Texas,Bachelor's,Graduate,Private,Southwest,Large City,0.4685,23,1035,37394,5736,6269,15224,25.3299999,58229.5,37200
University of Saint Mary,Bachelor's,Graduate,Private,Great Plains,Fringe Town,0.4707,22,988,31515,7202,5695,18385,24.1299992,57817.5,32600
Fordham University,Bachelor's,Graduate,Private,Mid-Atlantic,Large City,0.4713,28,1258,56604,13784,12679,21500,20.0900002,74870,50300
Cumberland University,Bachelor's,Graduate,Private,Southeast,Fringe Town,0.473,21,986,33402,6408,5864,17259,22,47713,36600
Jacksonville University,Bachelor's,Graduate,Private,Southeast,Large City,0.4737,22,1010,42459,8135,6923,15000,25.4599991,55957,42100
Texas Christian University,Bachelor's,Graduate,Private,Southwest,Large City,0.4739,27,1206,48189,14422,10206,19500,20.5499992,81852.5,45800
Christian Brothers University,Bachelor's,Graduate,Private,Southeast,Large City,0.4745,24,1105,34413,6948,5988,20600,23.3799992,41418,41800
Millsaps College,Bachelor's,Graduate,Private,Southeast,Mid-size City,0.4745,26,1159,44435,13004,6984,21750,20.1599999,65693,38900
SUNY Institute of Technology at Utica-Rome,Bachelor's,Graduate,Public,Mid-Atlantic,Mid-size Suburb,0.4754,24,1053,19843,9945,8487,13193.5,24.1800003,40836.5,44800
SUNY College at Brockport,Bachelor's,Graduate,Public,Mid-Atlantic,Fringe Town,0.4774,24,1069,19511,11538,7181,17750,21.4500008,62559,37600
Emerson College,Bachelor's,Graduate,Private,New England,Large City,0.4798,28,1240,51158,9283,9204,21500,19.6700001,94808,38900
California Lutheran University,Bachelor's,Graduate,Private,Far West,Mid-size City,0.4802,24,1108,48630,8149,9597,19500,21.7299995,76461,44300
Gardner-Webb University,Bachelor's,Graduate,Private,Southeast,Distant Town,0.4817,22,1018,35790,6176,6413,17840,25.8700008,46379.5,34400
Trinity Baptist College,Bachelor's,Graduate,Private,Southeast,Large City,0.4847,19,863,16752,2670,3450,5500,21.9599991,44214.5,26400
Reed College,Bachelor's,Graduate,Private,Far West,Large City,0.4853,31,1371,57701,20261,10092,15500,19.6900005,69123.5,28400
College for Creative Studies,Bachelor's,Graduate,Private,Great Lakes,Large City,0.486,22,1010,46095,10845,6882,24000,21.3500004,65746,33200
SUNY College at Oswego,Bachelor's,Graduate,Public,Mid-Atlantic,Distant Town,0.4863,24,1110,21222,9804,6733,18750,20.6900005,63043,36400
University of San Diego,Bachelor's,Graduate,Private,Far West,Large City,0.4885,28,1228,56346,13166,11648,19500,20.8500004,69873.5,53400
Villanova University,Bachelor's,Graduate,Private,Mid-Atlantic,Large Suburb,0.489,30,1316,56265,15426,10425,25000,20.0200005,112696,65100
Abilene Christian University,Bachelor's,Graduate,Private,Southwest,Mid-size City,0.4894,24,1087,39811,8737,5508,20698.5,20.2299995,75873.5,37200
Simmons College,Bachelor's,Graduate,Private,New England,Large City,0.4897,26,1149,51093,12373,8098,25000,21.3099995,67781,46500
San Diego Christian College,Bachelor's,Graduate,Private,Far West,Large Suburb,0.492,21,986,37696,4972,5271,11806,23.0100002,51463,31000
Howard University,Bachelor's,Graduate,Private,Mid-Atlantic,Large City,0.493,24,1081,40129,22191,8566,24250,20.9699993,47531,42400
Oklahoma Wesleyan University,Bachelor's,Graduate,Private,Southwest,Distant Town,0.4934,21,981,32241,6127,5309,16664,29.7099991,53772,46700
Ohio Dominican University,Bachelor's,Graduate,Private,Great Lakes,Large City,0.494,22,1028,40370,5064,6712,21081.5,24.9500008,49137.5,35200
Bethany College,Bachelor's,Graduate,Private,Southeast,Fringe Rural,0.4948,21,936,38226,7845,5693,18250,19.8400002,64954.5,35700
Syracuse University,Bachelor's,Graduate,Private,Mid-Atlantic,Mid-size City,0.4949,26,1158,55600,14915,10822,27000,20.0100002,80005.5,50800
Notre Dame of Maryland University,Bachelor's,Graduate,Private,Mid-Atlantic,Large City,0.4964,22,1036,41871,10035,7064,21732.5,27.3899994,56669,45600
Florida Southern College,Bachelor's,Graduate,Private,Southeast,Small City,0.4989,25,1102,38413,6857,7152,18375,21.8999996,56919.5,35900
North Carolina State University at Raleigh,Bachelor's,Graduate,Public,Southeast,Large City,0.5001,28,1229,20511,13831,9774,17750,20.5400009,66351,44100
Graceland University-Lamoni,Bachelor's,Graduate,Private,Great Plains,Remote Rural,0.5018,21,969,34494,8769,4986,18089.5,23.2800007,52671.5,33200
SUNY College of Environmental Science and Forestry,Bachelor's,Graduate,Public,Mid-Atlantic,Mid-size City,0.5052,25,1155,22550,15891,8282,17124,21.0200005,67355,38200
Saint Xavier University,Bachelor's,Graduate,Private,Great Lakes,Large City,0.5054,22,1010,35284,8567,7886,19150,22.5900002,53937,40800
Pacific Union College,Bachelor's,Graduate,Private,Far West,Fringe Rural,0.5055,22,1017,38800,9586,6452,20832,22.8199997,64885,44600
Southern Methodist University,Bachelor's,Graduate,Private,Southwest,Large Suburb,0.507,29,1302,57947,15884,11283,19000,21.1599999,63543.5,50400
SUNY Oneonta,Bachelor's,Graduate,Public,Mid-Atlantic,Remote Town,0.5073,24,1097,20762,8609,6242,20500,20.1000004,72432,37300
Texas Lutheran University,Bachelor's,Graduate,Private,Southwest,Fringe Town,0.5087,23,1041,35480,7862,6626,17750,20.1000004,68816.5,38200
Northwood University-Florida,Bachelor's,Graduate,Private,Southeast,Mid-size City,0.5102,20,932,33485,6736,6891,18750,25.4599991,49456,40800
University of South Carolina-Aiken,Bachelor's,Graduate,Public,Southeast,Large Suburb,0.5122,21,973,18466,6883,6243,13750,21.8500004,41442,32800
Santa Clara University,Bachelor's,Graduate,Private,Far West,Mid-size City,0.5122,29,1294,57213,10783,11662,19500,19.9500008,100259,61500
Cairn University-Langhorne,Bachelor's,Graduate,Private,Mid-Atlantic,Large Suburb,0.5131,22,1008,32509,6906,5653,21540,23.3999996,61586.5,30700
Kentucky Christian University,Bachelor's,Graduate,Private,Southeast,Distant Town,0.5136,21,976,29246,4538,4594,9500,21.3299999,48450.5,26500
Reinhardt University,Bachelor's,Graduate,Private,Southeast,Fringe Rural,0.514,22,1013,30734,6378,5710,9500,22.6000004,67316.5,33600
University of St Francis,Bachelor's,Graduate,Private,Great Lakes,Large Suburb,0.5141,23,1070,36226,7644,7543,21000,24.4699993,73669,44700
Olivet College,Bachelor's,Graduate,Private,Great Lakes,Distant Rural,0.5148,20,927,31515,5069,5258,19000,20.3700008,57515,31000
SUNY at Fredonia,Bachelor's,Graduate,Public,Mid-Atlantic,Distant Town,0.5154,24,1056,20802,10250,6817,19000,19.9300003,75269.5,35700
Framingham State University,Bachelor's,Graduate,Public,New England,Small City,0.5167,22,1040,21402,5080,7977,15522.5,20.7600002,72222.5,40200
Bowie State University,Bachelor's,Graduate,Public,Mid-Atlantic,Large Suburb,0.5176,19,886,18581,6996,7393,16500,21.25,45228,42600
Georgia Southern University,Bachelor's,Graduate,Public,Southeast,Remote Town,0.52,23,1094,21513,6183,6217,16250,20.5900002,61757,36600
Converse College,Bachelor's,Graduate,Private,Southeast,Small City,0.5201,24,1072,39748,6345,6284,18333,24.0400009,50064,30100
The University of Tampa,Bachelor's,Graduate,Private,Southeast,Large City,0.5221,24,1075,37714,6103,8424,17550.5,21.0100002,66421,40200
Union College,Bachelor's,Graduate,Private,Great Plains,Large City,0.5229,23,1050,30383,9339,5335,16937.5,21.0900002,49856,34400
North Park University,Bachelor's,Graduate,Private,Great Lakes,Large City,0.5234,22,1030,31065,6660,7535,18750,22.2999992,60232.5,37300
Concordia University-Saint Paul,Bachelor's,Graduate,Private,Great Plains,Large City,0.5239,21,991,40267,5381,4358,16667,26.1800003,57993.5,44700
Wilson College,Bachelor's,Graduate,Private,Mid-Atlantic,Small City,0.5267,22,993,39818,8569,6535,23111.5,25.8099995,43650,29400
Lipscomb University,Bachelor's,Graduate,Private,Southeast,Large City,0.527,25,1149,37181,10013,7138,14500,20.6200008,79148,35500
Barclay College,Bachelor's,Graduate,Private,Great Plains,Remote Rural,0.5285,20,954,24990,3955,4622,12625,21.2999992,46657,26400
University of Dayton,Bachelor's,Graduate,Private,Great Lakes,Mid-size City,0.5297,27,1181,46250,10823,8494,23250,19.75,108917.5,45900
Bluffton University,Bachelor's,Graduate,Private,Great Lakes,Distant Town,0.5308,22,1027,40078,8243,5189,19450,22.0499992,68081,34900
St John's University-New York,Bachelor's,Graduate,Private,Mid-Atlantic,Large City,0.5316,24,1093,50233,10743,11777,20000,19.6900005,49731,48000
Morningside College,Bachelor's,Graduate,Private,Great Plains,Small City,0.5337,23,1050,36280,5367,6371,19932,20.3199997,64251,36600
University of North Florida,Bachelor's,Graduate,Public,Southeast,Large City,0.5343,25,1143,19415,5323,7279,14000,22.5900002,41844.5,38400
University of Saint Francis-Fort Wayne,Bachelor's,Graduate,Private,Great Lakes,Large City,0.5362,21,981,31516,7513,5666,20000,23.6100006,63504,36600
University of Connecticut,Bachelor's,Graduate,Public,New England,Large Suburb,0.5366,28,1233,25786,20908,11500,18983,20.1200008,86510,49700
Kansas Wesleyan University,Bachelor's,Graduate,Private,Great Plains,Remote Town,0.537,22,1014,34402,4988,5498,15455,22.1200008,53597,35600
Multnomah University,Bachelor's,Graduate,Private,Far West,Large City,0.538,23,1104,33878,5444,5433,20075,22.6599999,46586,28800
Howard Payne University,Bachelor's,Graduate,Private,Southwest,Remote Town,0.5382,20,953,32861,8101,5553,12275,21.9400005,46720,33300
University of West Georgia,Bachelor's,Graduate,Public,Southeast,Fringe Town,0.5385,20,950,18879,6178,5787,14250,22.2800007,51454,32800
Elon University,Bachelor's,Graduate,Private,Southeast,Mid-size Suburb,0.5398,25,1200,41679,14745,8485,20500,19.5300007,104953,43600
Saint Peter's University,Bachelor's,Graduate,Private,Mid-Atlantic,Large City,0.5408,19,913,40921,8447,8274,17500,21.9400005,42545,40000
Loyola Marymount University,Bachelor's,Graduate,Private,Far West,Large City,0.5412,27,1202,55432,14921,10098,20201.5,20.1200008,76696,49600
University of North Carolina Wilmington,Bachelor's,Graduate,Public,Southeast,Mid-size City,0.5419,24,1154,18165,7865,7872,16500,21.1299992,63608.5,35700
Pennsylvania State University-Main Campus,Bachelor's,Graduate,Public,Mid-Atlantic,Small City,0.542,27,1199,31625,18073,9902,21500,20.8799992,70439.5,43400
Mount Carmel College of Nursing,Bachelor's,Graduate,Private,Great Lakes,Large City,0.5421,22,1030,25491,5545,6657,18750,23.4400005,63567,55400
Montreat College,Bachelor's,Graduate,Private,Southeast,Large Suburb,0.5429,20,950,33963,4259,5125,19700,28.7099991,51073,34100
Concordia University-Chicago,Bachelor's,Graduate,Private,Great Lakes,Large Suburb,0.5441,22,1030,34774,8334,4134,15750,22.0699997,61882,36400
Johnson University,Bachelor's,Graduate,Private,Southeast,Fringe Rural,0.5464,22,1022,19898,6145,5485,14250,21.8899994,53910.5,28100
Georgia Institute of Technology-Main Campus,Bachelor's,Graduate,Public,Southeast,Large City,0.5493,30,1352,21980,13939,11230,20750,20.0300007,82697,65700
Salisbury University,Bachelor's,Graduate,Public,Mid-Atlantic,Small Suburb,0.5494,24,1145,20916,6654,6688,16250,20.5499992,87919.5,44100
Crown College,Bachelor's,Graduate,Private,Great Plains,Fringe Rural,0.55,21,983,34574,3243,4584,14625,26.2399998,53587.5,30000
Goshen College,Bachelor's,Graduate,Private,Great Lakes,Small City,0.5506,26,1123,37707,10729,5509,17000,22.1700001,71149,34400
Five Towns College,Bachelor's,Graduate,Private For-Profit,Mid-Atlantic,Large Suburb,0.5509,21,894,31557,3621,4824,17625,20.8199997,61243,30100
Millikin University,Bachelor's,Graduate,Private,Great Lakes,Small City,0.5512,24,1087,39576,8378,5844,22000,21.9699993,68264.5,38600
Dallas Christian College,Bachelor's,Graduate,Private,Southwest,Large Suburb,0.5516,20,930,24499,5755,4459,14250,27.1700001,42236,36700
Valdosta State University,Bachelor's,Graduate,Public,Southeast,Small City,0.5522,22,1033,20958,5873,5998,16000,21.7199993,51351,34300
Ramapo College of New Jersey,Bachelor's,Graduate,Public,Mid-Atlantic,Large Suburb,0.5526,23,1096,27781,8976,9521,19500,20.7299995,79102,45300
Neumann University,Bachelor's,Graduate,Private,Mid-Atlantic,Large Suburb,0.5531,18,861,37314,5192,6649,20000,21.7000008,72393.5,36400
SUNY at Albany,Bachelor's,Graduate,Public,Mid-Atlantic,Small City,0.5545,24,1102,21249,11393,9423,16750,20.2999992,60558,44100
Anderson University,Bachelor's,Graduate,Private,Great Lakes,Small City,0.5545,23,1053,37937,8062,6395,23000,21.5100002,72723,33400
Simpson University,Bachelor's,Graduate,Private,Far West,Small City,0.555,22,1030,33889,6136,6144,16666,25.2199993,44207,28000
Ohio State University-Main Campus,Bachelor's,Graduate,Public,Great Lakes,Large City,0.5553,29,1289,24524,16161,11284,17000,21.0400009,65600.5,38900
Lake Erie College,Bachelor's,Graduate,Private,Great Lakes,Large Suburb,0.5561,21,983,39085,5191,6327,16160,22.5100002,54053,31300
La Roche College,Bachelor's,Graduate,Private,Mid-Atlantic,Large Suburb,0.5565,21,931,35493,5901,5789,18750,22.0799999,62381,37000
Pratt Institute-Main,Bachelor's,Graduate,Private,Mid-Atlantic,Large City,0.5572,26,1140,54582,13360,9254,23241,20.8899994,59029,37300
Oglethorpe University,Bachelor's,Graduate,Private,Southeast,Large Suburb,0.5576,25,1131,43689,8645,4728,18459,22.3299999,46214.5,37600
Lewis University,Bachelor's,Graduate,Private,Great Lakes,Large Suburb,0.5587,24,1088,34079,8122,9021,20000,22.75,71614,43500
Concordia University-Portland,Bachelor's,Graduate,Private,Far West,Large City,0.5592,21,993,35963,3210,7401,17500,24.8199997,53453,38800
University of Georgia,Bachelor's,Graduate,Public,Southeast,Mid-size City,0.5608,28,1247,21162,8478,9015,16831,21.1900005,69003,42500
Northern Illinois University,Bachelor's,Graduate,Public,Great Lakes,Small Suburb,0.5613,22,1010,27621,12208,7834,16500,20.7600002,64181,39500
University of Pittsburgh-Pittsburgh Campus,Bachelor's,Graduate,Public,Mid-Atlantic,Large City,0.5613,28,1258,30410,16506,9533,22000,20.9300003,71893,45600
Rose-Hulman Institute of Technology,Bachelor's,Graduate,Private,Great Lakes,Small City,0.5622,30,1310,55413,20879,8411,26000,19.5,91307,71300
Moore College of Art and Design,Bachelor's,Graduate,Private,Mid-Atlantic,Large City,0.5632,24,982,47675,10517,5557,26991,21.2999992,67507,29400
University of the Sciences,Bachelor's,Graduate,Private,Mid-Atlantic,Large City,0.5635,25,1165,49327,12508,8000,27000,19.6900005,82840.5,94000
Oklahoma Baptist University,Bachelor's,Graduate,Private,Southwest,Distant Town,0.5646,24,1098,31759,6372,6090,12000,20.6100006,58859,34100
University at Buffalo,Bachelor's,Graduate,Public,Mid-Atlantic,Large Suburb,0.5652,26,1158,20885,15151,10026,15200,20.7800007,56636,44500
Kennesaw State University,Bachelor's,Graduate,Public,Southeast,Large Suburb,0.5654,23,1068,20630,6179,6252,15000,24.5100002,41150.5,37200
The University of Alabama,Bachelor's,Graduate,Public,Southeast,Small City,0.5655,26,1171,26717,9817,9605,17750,20.7700005,58976,39200
Minot State University,Bachelor's,Graduate,Public,Great Plains,Remote Town,0.5662,22,1004,14549,8038,6338,12878.5,22.9300003,43540,34600
Holy Names University,Bachelor's,Graduate,Private,Far West,Large City,0.5668,19,910,46994,7958,7717,21500,25.8500004,45708,45800
Clark Atlanta University,Bachelor's,Graduate,Private,Southeast,Large City,0.568,19,880,34201,8191,6418,20000,19.9200001,41956,29800
Florida State University,Bachelor's,Graduate,Public,Southeast,Mid-size City,0.5681,27,1212,20774,8596,9706,18750,20.7600002,51372.5,40000
Tarleton State University,Bachelor's,Graduate,Public,Southwest,Remote Town,0.5682,21,984,17709,6065,7074,13118,23.1700001,42847,37900
Stephen F Austin State University,Bachelor's,Graduate,Public,Southwest,Fringe Rural,0.5687,22,998,21909,6535,7087,16074,21.7900009,45665,36800
University of Jamestown,Bachelor's,Graduate,Private,Great Plains,Remote Town,0.5689,23,1038,27712,6849,6234,17000,20.7099991,68940.5,36900
Illinois Institute of Technology,Bachelor's,Graduate,Private,Great Lakes,Large City,0.5697,28,1252,48940,12231,11256,22015,21.4400005,55985.5,61700
Covenant College,Bachelor's,Graduate,Private,Southeast,Large Suburb,0.5704,26,1173,38510,8344,6841,18500,24.8199997,61514,37200
Lake Forest College,Bachelor's,Graduate,Private,Great Lakes,Large Suburb,0.5727,26,1157,49743,10173,8231,24000,19.6800003,81078,41600
Hiram College,Bachelor's,Graduate,Private,Great Lakes,Fringe Town,0.5736,22,1030,42672,9169,5420,21333.5,23.1900005,63023.5,35300
Marquette University,Bachelor's,Graduate,Private,Great Lakes,Large City,0.5745,27,1217,46649,9995,9665,24760,20.1700001,93069,52300
Baylor University,Bachelor's,Graduate,Private,Southwest,Mid-size City,0.5747,27,1215,51086,14046,8793,21000,19.7999992,72163,43700
Bay Path College,Bachelor's,Graduate,Private,New England,Large Suburb,0.576,20,964,40447,6148,7754,18065,27.2800007,45278,37500
Wentworth Institute of Technology,Bachelor's,Graduate,Private,New England,Large City,0.5761,24,1109,43850,8790,8039,21700,20.3400002,81863,52100
Rhodes College,Bachelor's,Graduate,Private,Southeast,Large City,0.5764,29,1288,50659,14821,8035,22991,19.4899998,100407,41400
William Penn University,Bachelor's,Graduate,Private,Great Plains,Remote Town,0.5766,20,926,33081,4768,5792,18740,27.6800003,45954.5,36900
Willamette University,Bachelor's,Graduate,Private,Far West,Mid-size City,0.5784,27,1198,52665,14645,9341,19538.5,19.8099995,82978,41300
Chestnut Hill College,Bachelor's,Graduate,Private,Mid-Atlantic,Large City,0.5785,21,960,42663,7120,6218,23500,25.3400002,44204,39200
Clemson University,Bachelor's,Graduate,Public,Southeast,Large Suburb,0.5787,29,1259,27944,11711,9907,20008,20.0699997,87306,43500
North Greenville University,Bachelor's,Graduate,Private,Southeast,Fringe Rural,0.5791,25,1137,28373,4680,5568,12000,20.3999996,53275,27000
Marian University,Bachelor's,Graduate,Private,Great Lakes,Large City,0.5795,22,1024,39369,8781,5762,23412.5,26.1200008,48632,39800
Loyola University Maryland,Bachelor's,Graduate,Private,Mid-Atlantic,Large City,0.58,27,1194,56736,11584,8346,26000,19.3600006,112164,56400
Webster University,Bachelor's,Graduate,Private,Great Plains,Large Suburb,0.5806,24,1107,37363,6648,8068,20500,24.0300007,61052,37400
Lancaster Bible College,Bachelor's,Graduate,Private,Mid-Atlantic,Large Suburb,0.5813,19,982,27372,8105,5605,12000,22.4500008,60888,28400
Salem College,Bachelor's,Graduate,Private,Southeast,Mid-size City,0.582,25,1110,39859,7665,5969,18750,27.1499996,40939,31400
St Mary's University,Bachelor's,Graduate,Private,Southwest,Large City,0.5823,23,1050,35160,12291,9441,20000,20.9200001,44525.5,40800
LaGrange College,Bachelor's,Graduate,Private,Southeast,Distant Town,0.5837,21,995,37305,12133,5532,18686.5,23.6599999,63008.5,38000
Rosemont College,Bachelor's,Graduate,Private,Mid-Atlantic,Large Suburb,0.5838,21,927,45067,6212,5011,25000,23.7000008,45253,42200
Grace University,Bachelor's,Graduate,Private,Great Plains,Large City,0.5846,22,995,27873,9292,5045,12000,23.5,49345.5,29100
University of Arkansas,Bachelor's,Graduate,Public,Southeast,Small City,0.5858,26,1156,19917,8349,8902,14990,21.4599991,52612,39200
Austin College,Bachelor's,Graduate,Private,Southwest,Small City,0.5861,25,1181,45800,14009,7605,23000,19.6499996,83025,41000
Friends University,Bachelor's,Graduate,Private,Great Plains,Large City,0.5862,21,977,33388,5303,6443,20834,27.8700008,45203.5,38300
Hofstra University,Bachelor's,Graduate,Private,Mid-Atlantic,Large Suburb,0.5871,26,1165,49604,15989,12848,19150,20.4200001,74751,45900
Cedar Crest College,Bachelor's,Graduate,Private,Mid-Atlantic,Mid-size City,0.588,21,948,41240,9593,7031,23250,24.9400005,53743.5,42500
Rollins College,Bachelor's,Graduate,Private,Southeast,Large Suburb,0.5889,27,1199,56309,12311,7767,23000,23.0300007,46391,40600
Minneapolis College of Art and Design,Bachelor's,Graduate,Private,Great Plains,Large City,0.5895,23,1073,41935,12814,6334,21166,20.9799995,77197,27500
Christopher Newport University,Bachelor's,Graduate,Public,Southeast,Mid-size City,0.5902,26,1161,24696,8747,7705,19736.5,19.7099991,95158,39800
Capitol College,Bachelor's,Graduate,Private,Mid-Atlantic,Large Suburb,0.5903,21,1042,30826,4888,4275,13250,22.9099999,53209,65400
Stetson University,Bachelor's,Graduate,Private,Southeast,Mid-size Suburb,0.5925,26,1168,49939,11448,9877,18050,20.7099991,64137,36500
Western Illinois University,Bachelor's,Graduate,Public,Great Lakes,Remote Town,0.5931,21,970,24375,11290,8263,17729,20.9699993,65915,37200
Southeastern University,Bachelor's,Graduate,Private,Southeast,Small City,0.5932,20,955,30333,5231,6899,14250,22.6599999,55937,28300
University of Mississippi,Bachelor's,Graduate,Public,Southeast,Remote Town,0.5936,24,1100,21526,9350,8409,15750,22.1499996,46826.5,37900
University of Connecticut-Avery Point,Bachelor's,Graduate,Public,New England,Mid-size Suburb,0.594,24,1020,12946,11730,14803,18983,20.1200008,86510,49700
Frostburg State University,Bachelor's,Graduate,Public,Mid-Atlantic,Small Suburb,0.5945,20,963,19454,6658,6570,16750,20.2900009,68365.5,38500
Stevenson University,Bachelor's,Graduate,Private,Mid-Atlantic,Fringe Rural,0.5959,21,990,38785,8585,9724,18197.5,21.0799999,77520,45800
University of North Texas,Bachelor's,Graduate,Public,Southwest,Mid-size City,0.5969,24,1100,18593,7571,9746,14955,22.2600002,49512,39400
Arcadia University,Bachelor's,Graduate,Private,Mid-Atlantic,Large Suburb,0.5969,25,1095,48907,8548,7962,22000,20.3500004,76319,38100
University of Illinois at Springfield,Bachelor's,Graduate,Public,Great Lakes,Mid-size City,0.5977,24,1085,21385,10685,7464,15000,25.2099991,42542.5,40000
Providence College,Bachelor's,Graduate,Private,New England,Mid-size City,0.5979,26,1158,56184,12232,9471,27000,19.8799992,110798,52900
DePaul University,Bachelor's,Graduate,Private,Great Lakes,Large City,0.5987,26,1163,46375,11612,10392,20500,22.2800007,54683,44800
University of California-Santa Cruz,Bachelor's,Graduate,Public,Far West,Small City,0.5991,23,1087,33208,8338,12110,16500,20.2800007,58508,37800
Daniel Webster College,Bachelor's,Graduate,Private For-Profit,New England,Small City,0.5992,19,962,27321,17386,5077,12500,21.5499992,74352,45600
Dominican University,Bachelor's,Graduate,Private,Great Lakes,Large Suburb,0.5997,22,1031,36307,9940,6685,18656,21.6000004,58497.5,40100
University of North Carolina at Greensboro,Bachelor's,Graduate,Public,Southeast,Large City,0.6002,23,1029,17362,8803,7926,16000,21.5599995,50195,33300
Catholic University of America,Bachelor's,Graduate,Private,Mid-Atlantic,Large City,0.6007,25,1118,54023,15799,9565,22000,21.2199993,106352,48900
Rochester Institute of Technology,Bachelor's,Graduate,Private,Mid-Atlantic,Large Suburb,0.6016,28,1232,45772,16160,9621,24500,20.6499996,72166,54000
Sewanee-The University of the South,Bachelor's,Graduate,Private,Southeast,Distant Rural,0.6027,28,1248,46530,14960,8389,16000,19.6000004,81758,34300
Berry College,Bachelor's,Graduate,Private,Southeast,Small Suburb,0.6032,27,1186,40965,12857,7060,15750,19.7199993,71090,34600
Towson University,Bachelor's,Graduate,Public,Mid-Atlantic,Small City,0.6034,23,1078,21596,5906,6670,15750,20.8899994,71279.5,45700
Purdue University-Main Campus,Bachelor's,Graduate,Public,Great Lakes,Mid-size Suburb,0.6042,27,1211,23109,15477,11005,20500,20.3600006,77728,47500
Florida Institute of Technology,Bachelor's,Graduate,Private,Southeast,Small City,0.6045,26,1153,52490,10719,9025,8509,20.3600006,73416.5,50500
Emmanuel College,Bachelor's,Graduate,Private,New England,Large City,0.6049,24,1090,49487,7555,8155,24250,20.6399994,81534,42200
Ball State University,Bachelor's,Graduate,Public,Great Lakes,Small City,0.6054,22,1053,21101,9700,7305,18686,20.5599995,73544,35800
Clarkson College,Bachelor's,Graduate,Private,Great Plains,Large City,0.6056,24,1110,22322,9266,5474,21906.5,24.4899998,60085.5,45300
Benedictine College,Bachelor's,Graduate,Private,Great Plains,Distant Town,0.6057,25,1145,36805,5931,6165,19500,20.0799999,79145.5,35000
University of South Carolina-Columbia,Bachelor's,Graduate,Public,Southeast,Mid-size City,0.606,27,1200,23685,10384,9514,19125,20.8999996,63282.5,38700
Worcester State University,Bachelor's,Graduate,Public,New England,Mid-size City,0.6062,22,1016,18494,6536,8356,14500,21.5900002,62776.5,39700
Mount Ida College,Bachelor's,Graduate,Private,New England,Small City,0.6065,18,880,41565,8163,6336,19000,20.5200005,61177,32600
Emporia State University,Bachelor's,Graduate,Public,Great Plains,Remote Town,0.6069,22,1030,15612,7795,6268,14000,21.8400002,54559,33200
Winona State University,Bachelor's,Graduate,Public,Great Plains,Distant Town,0.6075,23,1070,20449,6161,7570,18288,20.7099991,80304,39000
Augsburg College,Bachelor's,Graduate,Private,Great Plains,Large City,0.6086,23,1053,42531,9476,6868,23000,24.3799992,60818,41300
St Catherine University,Bachelor's,Graduate,Private,Great Plains,Large City,0.6089,23,1051,43356,9805,6737,22697,25.2600002,52083.5,43700
Missouri Baptist University,Bachelor's,Graduate,Private,Great Plains,Large Suburb,0.6095,22,1001,30542,4293,5248,15807,23.5300007,50739.5,31800
Avila University,Bachelor's,Graduate,Private,Great Plains,Large City,0.6108,22,1028,34898,6943,6747,18750,23.7600002,53028,39500
Piedmont College,Bachelor's,Graduate,Private,Southeast,Distant Town,0.6118,22,1001,32031,6381,5734,16703,25.7800007,49580.5,37000
Methodist University,Bachelor's,Graduate,Private,Southeast,Mid-size City,0.6122,21,961,45011,7620,6726,11200,22.8799992,45688.5,35200
Madonna University,Bachelor's,Graduate,Private,Great Lakes,Small City,0.6125,22,1034,22629,7282,7554,21733,27.4300003,41119.5,36300
University of San Francisco,Bachelor's,Graduate,Private,Far West,Large City,0.6129,25,1161,55812,15041,12409,23000,22.2099991,70581,53300
The Master's College and Seminary,Bachelor's,Graduate,Private,Far West,Large Suburb,0.6137,25,1104,40815,7582,7063,15750,21.9799995,62514,35400
University of Detroit Mercy,Bachelor's,Graduate,Private,Great Lakes,Large City,0.6147,25,1142,48027,14080,8667,19300,24.9599991,44772,43000
Chowan University,Bachelor's,Graduate,Private,Southeast,Distant Town,0.6154,16,777,32188,5191,6164,9500,20.6000004,41295,29400
Kettering University,Bachelor's,Graduate,Private,Great Lakes,Mid-size City,0.6159,27,1198,49303,11438,7704,22500,19.8400002,83977,69900
Northwest Nazarene University,Bachelor's,Graduate,Private,Rocky Mountains,Mid-size Suburb,0.617,25,1079,34498,6722,5691,19500,22.2700005,60526,32300
Coe College,Bachelor's,Graduate,Private,Great Plains,Mid-size City,0.6171,26,1166,45387,11825,7662,21875,20.4099999,75314,40300
University of Hartford,Bachelor's,Graduate,Private,New England,Mid-size City,0.6173,23,1053,47368,12566,8178,19944,20.1499996,85192,39400
Le Moyne College,Bachelor's,Graduate,Private,Mid-Atlantic,Mid-size City,0.619,24,1080,42068,9710,8776,21216.5,21.5200005,62276,45000
Eastern Illinois University,Bachelor's,Graduate,Public,Great Lakes,Remote Town,0.6191,22,1010,23346,12690,7773,18750,21.3299999,69586,36000
University of California-Riverside,Bachelor's,Graduate,Public,Far West,Large City,0.62,23,1078,29787,10473,11324,17000,20.0799999,43078.5,41100
George Mason University,Bachelor's,Graduate,Public,Southeast,Large Suburb,0.6203,26,1155,22332,12122,10524,17250,22.0300007,53311,53100
The Richard Stockton College of New Jersey,Bachelor's,Graduate,Public,Mid-Atlantic,Mid-size Suburb,0.6211,22,1068,26086,8256,9242,18750,22.0900002,64554.5,42300
East Carolina University,Bachelor's,Graduate,Public,Southeast,Small City,0.6217,23,1050,19851,11838,7975,18500,21.7099991,53731,35900
Albright College,Bachelor's,Graduate,Private,Mid-Atlantic,Small City,0.6231,23,1033,46170,9620,6340,24562.5,23.6299992,66577.5,41700
Meredith College,Bachelor's,Graduate,Private,Southeast,Large City,0.6232,23,1040,39296,9730,6925,20500,22.5900002,56959.5,34400
University of Illinois at Urbana-Champaign,Bachelor's,Graduate,Public,Great Lakes,Small City,0.6239,29,1303,28564,13674,11576,19399,19.6700001,85462,50700
Wesley College,Bachelor's,Graduate,Private,Mid-Atlantic,Small City,0.625,20,841,35199,6971,6703,14250,22.2800007,65621,38800
Columbia International University,Bachelor's,Graduate,Private,Southeast,Mid-size City,0.6258,22,1055,28141,6611,4559,17250,22.0799999,46934,25900
Saint John Fisher College,Bachelor's,Graduate,Private,Mid-Atlantic,Large Suburb,0.6277,25,1095,39014,8715,8342,21500,20.7700005,77096,41400
Lewis & Clark College,Bachelor's,Graduate,Private,Far West,Large City,0.6285,29,1279,53455,14496,9221,19115,20.9699993,67573,37600
McKendree University,Bachelor's,Graduate,Private,Great Lakes,Large Suburb,0.6289,23,1046,37004,5614,6641,17613,24.4300003,52208,40500
University of Massachusetts-Amherst,Bachelor's,Graduate,Public,New England,Large Suburb,0.6294,27,1209,25665,12988,11354,21500,20.5900002,75270.5,43500
Central Michigan University,Bachelor's,Graduate,Public,Great Lakes,Distant Town,0.6304,22,1029,21523,8249,8603,21721.5,21,70233.5,36100
University of Maryland-Baltimore County,Bachelor's,Graduate,Public,Mid-Atlantic,Large Suburb,0.6315,27,1209,22024,9852,8985,17500,21.3799992,59891,46900
Oklahoma Christian University,Bachelor's,Graduate,Private,Southwest,Large City,0.6321,25,1124,29359,8096,6581,15331,20.1000004,70327,33200
Appalachian State University,Bachelor's,Graduate,Public,Southeast,Distant Town,0.6323,26,1156,17780,7361,7657,15635,20.6800003,69100,33600
Whittier College,Bachelor's,Graduate,Private,Far West,Large Suburb,0.6325,23,1043,49920,11366,8954,21500,19.7199993,75319,38900
Averett University,Bachelor's,Graduate,Private,Southeast,Remote Town,0.6329,20,941,36240,11453,6415,19298,27.5100002,53773.5,38600
Albany College of Pharmacy and Health Sciences,Bachelor's,Graduate,Private,Mid-Atlantic,Small City,0.634,27,1195,40718,11879,8530,24930.5,21.0599995,80225,125600
Mount Vernon Nazarene University,Bachelor's,Graduate,Private,Great Lakes,Distant Town,0.6349,23,1071,33321,6654,6099,21875,25.5699997,64078,37000
Norwich University,Bachelor's,Graduate,Private,New England,Distant Town,0.6349,24,1065,47341,6331,7147,23000,20.0100002,84597,43800
Wisconsin Lutheran College,Bachelor's,Graduate,Private,Great Lakes,Large City,0.6356,24,1097,34192,9405,6106,16172,19.9500008,75194,35000
James Madison University,Bachelor's,Graduate,Public,Southeast,Small City,0.6356,25,1149,21980,8099,8016,18500,19.6700001,99908,48800
North Central College,Bachelor's,Graduate,Private,Great Lakes,Mid-size City,0.6365,25,1125,41218,8407,7337,20000,20.7299995,83750,40100
Lynchburg College,Bachelor's,Graduate,Private,Southeast,Small City,0.6369,22,1002,41818,10202,7038,21500,20.3799992,77604,37000
Earlham College,Bachelor's,Graduate,Private,Great Lakes,Distant Town,0.637,29,1262,50930,19527,7391,21197,19.8600006,79944,29900
Webber International University,Bachelor's,Graduate,Private,Southeast,Fringe Town,0.6377,21,922,34949,3018,4783,9500,21.8799992,45832.5,31100
King University,Bachelor's,Graduate,Private,Southeast,Small City,0.6377,23,1039,36533,4357,4703,17910,25.6499996,52011,39900
Temple University,Bachelor's,Graduate,Public,Mid-Atlantic,Large City,0.6387,25,1121,27247,12500,9648,21700,21.3299999,56155,43600
Marietta College,Bachelor's,Graduate,Private,Great Lakes,Fringe Town,0.6387,24,1105,42205,12211,6565,22353,19.9099999,71762,34000
Trinity University,Bachelor's,Graduate,Private,Southwest,Large City,0.6393,29,1270,46274,14743,9715,18500,19.5699997,101012.5,49600
Baldwin Wallace University,Bachelor's,Graduate,Private,Great Lakes,Large Suburb,0.6396,24,1096,37504,10201,7418,24000,21.3899994,74030,39900
SUNY Maritime College,Bachelor's,Graduate,Public,Mid-Atlantic,Large City,0.6396,23,1056,21493,10198,6536,21980,20.5499992,79477.5,68300
University of Massachusetts-Lowell,Bachelor's,Graduate,Public,New England,Large Suburb,0.6397,25,1132,22861,10446,11296,19500,22,61757,45600
Furman University,Bachelor's,Graduate,Private,Southeast,Large Suburb,0.6397,28,1237,55434,18804,8957,20500,19.8899994,93139.5,40200
Eastern Michigan University,Bachelor's,Graduate,Public,Great Lakes,Large Suburb,0.6398,22,1011,18905,8307,8853,19114.5,22.5100002,52069,33800
Cincinnati Christian University,Bachelor's,Graduate,Private,Great Lakes,Large City,0.6398,21,989,25900,6054,5323,16865,25.4200001,52439,28000
University of North Carolina at Asheville,Bachelor's,Graduate,Public,Southeast,Small City,0.6403,26,1190,17468,9085,7371,15772.5,22.0100002,48654,31600
Clarkson University,Bachelor's,Graduate,Private,Mid-Atlantic,Remote Town,0.6403,26,1187,54772,13218,10138,24187,19.5599995,82272,62400
University of Nebraska-Lincoln,Bachelor's,Graduate,Public,Great Plains,Large City,0.6404,25,1147,21024,10583,10085,15799,20.2800007,72140.5,39200
Caldwell College,Bachelor's,Graduate,Private,Mid-Atlantic,Large Suburb,0.6408,21,949,38223,6788,7944,19125,24.4699993,50740,38400
Philadelphia University,Bachelor's,Graduate,Private,Mid-Atlantic,Large City,0.6408,23,1062,46451,9410,7818,24750,20.4799995,81316.5,43600
Eastern University,Bachelor's,Graduate,Private,Mid-Atlantic,Large Suburb,0.6409,21,1041,39764,7909,6289,20927,24.75,70417,37900
Hawaii Pacific University,Bachelor's,Graduate,Private,Far West,Large City,0.6411,22,1005,29762,6203,8603,16250,23.5200005,41600,42100
Central Connecticut State University,Bachelor's,Graduate,Public,New England,Large Suburb,0.6413,22,1006,20372,8990,8513,16852.5,21.2299995,66799.5,41200
High Point University,Bachelor's,Graduate,Private,Southeast,Mid-size City,0.6418,24,1087,42300,8793,6894,18250,24.9599991,47907.5,34900
Saint Josephs College,Bachelor's,Graduate,Private,Great Lakes,Distant Town,0.6419,22,998,37135,6339,5443,13576.5,20.3099995,75145.5,35800
University of South Carolina-Upstate,Bachelor's,Graduate,Public,Southeast,Mid-size Suburb,0.6422,21,982,20848,6703,6139,15750,22.7600002,41002.5,33600
Evangel University,Bachelor's,Graduate,Private,Great Plains,Mid-size City,0.6425,23,1046,30988,6543,6433,16000,21.5799999,58776,32400
Saint Louis University,Bachelor's,Graduate,Private,Great Plains,Large City,0.6443,28,1237,52413,16641,10028,20500,20.8700008,87461,48100
Mars Hill University,Bachelor's,Graduate,Private,Southeast,Large Suburb,0.6447,20,941,36669,5825,5017,12000,22.3999996,50049,28400
Eastern Connecticut State University,Bachelor's,Graduate,Public,New England,Fringe Town,0.6453,22,1017,22633,8554,8091,17500,21.1100006,76549,39500
University of Delaware,Bachelor's,Graduate,Public,Mid-Atlantic,Large Suburb,0.6468,27,1178,21748,17186,11834,21000,19.6900005,102027,50100
Mississippi State University,Bachelor's,Graduate,Public,Southeast,Remote Town,0.6482,24,1106,20796,6989,7852,15500,21.8099995,41243.5,36800
Misericordia University,Bachelor's,Graduate,Private,Mid-Atlantic,Large Suburb,0.6489,23,1057,38504,7162,7112,22212.5,23.2299995,66143,47000
Sam Houston State University,Bachelor's,Graduate,Public,Southwest,Distant Town,0.6499,21,999,19173,4851,7316,16490,21.4699993,47405.5,38400
Anderson University,Bachelor's,Graduate,Private,Southeast,Small City,0.6502,24,1079,35340,5009,6409,19500,22.2000008,58707.5,32600
Spring Arbor University,Bachelor's,Graduate,Private,Great Lakes,Small Suburb,0.6505,23,1069,32709,6679,4953,20729,28.6100006,55009.5,34800
Eastern Mennonite University,Bachelor's,Graduate,Private,Southeast,Small City,0.6505,22,999,38009,11464,5903,14926,22.8700008,66842,34900
Seton Hill University,Bachelor's,Graduate,Private,Mid-Atlantic,Large Suburb,0.652,23,1032,40497,8304,6822,22131,22.3099995,56664,36000
Fontbonne University,Bachelor's,Graduate,Private,Great Plains,Large Suburb,0.6524,23,1070,30833,8770,6008,25000,27.4400005,45291,38100
Maine Maritime Academy,Bachelor's,Graduate,Public,New England,Distant Rural,0.6536,22,1026,23673,9613,3639,26596.5,20.0699997,68682,73500
Northwood University-Michigan,Bachelor's,Graduate,Private,Great Lakes,Small City,0.6538,22,1029,32803,5977,6534,18750,25.4599991,49456,40800
Southwest Minnesota State University,Bachelor's,Graduate,Public,Great Plains,Remote Town,0.6546,22,1010,19109,5187,8030,15750,21.8500004,56016,34900
New Jersey Institute of Technology,Bachelor's,Graduate,Public,Mid-Atlantic,Large City,0.6547,26,1142,26700,8337,11262,16145,21.5300007,43773,58300
Savannah College of Art and Design,Bachelor's,Graduate,Private,Southeast,Mid-size City,0.6547,24,1078,49179,10302,8024,21521.5,20.4599991,78907,29700
Minnesota State University-Mankato,Bachelor's,Graduate,Public,Great Plains,Small City,0.6555,22,1030,17578,5706,8155,15116,20.7999992,71852,38100
Hamline University,Bachelor's,Graduate,Private,Great Plains,Large City,0.6557,24,1106,43433,7717,6607,18250,22.7800007,61451,43100
University of Idaho,Bachelor's,Graduate,Public,Rocky Mountains,Fringe Rural,0.6565,23,1070,19700,10938,7986,18550,21.4599991,51484,35800
Rochester College,Bachelor's,Graduate,Private,Great Lakes,Large Suburb,0.6567,21,990,26399,5507,4144,14089.5,27.4899998,43866,30300
Greenville College,Bachelor's,Graduate,Private,Great Lakes,Distant Town,0.657,22,1033,33675,6925,5649,16568,23.2199993,61294,32400
Emory & Henry College,Bachelor's,Graduate,Private,Southeast,Fringe Rural,0.6572,22,1004,40866,10417,6133,19000,20.0799999,64582,32900
Asbury University,Bachelor's,Graduate,Private,Southeast,Fringe Town,0.6573,24,1110,33966,8335,5924,20325,21.25,68034.5,30200
Florida Gulf Coast University,Bachelor's,Graduate,Public,Southeast,Large Suburb,0.6579,22,1024,18097,6606,7382,11625,22.4300003,46981,37600
Valley Forge Christian College,Bachelor's,Graduate,Private,Mid-Atlantic,Large Suburb,0.6585,22,977,29736,6212,4733,21956,20.7999992,53124.5,27800
Messiah College,Bachelor's,Graduate,Private,Mid-Atlantic,Large Suburb,0.659,26,1154,41341,10251,7958,23000,19.5499992,91486,38000
Gwynedd Mercy University,Bachelor's,Graduate,Private,Mid-Atlantic,Large Suburb,0.6591,19,944,39051,7436,7046,20250,26.0200005,70168,48600
Drake University,Bachelor's,Graduate,Private,Great Plains,Mid-size City,0.6595,28,1240,42477,9273,9108,21500,20.2700005,88132.5,48000
Centenary College of Louisiana,Bachelor's,Graduate,Private,Southeast,Mid-size City,0.6597,25,1131,40578,11545,7159,17125,19.8099995,72994,40700
Oakland University,Bachelor's,Graduate,Public,Great Lakes,Large Suburb,0.66,23,1070,19198,7570,8482,18250,22.1900005,56986,37900
Butler University,Bachelor's,Graduate,Private,Great Lakes,Large City,0.661,28,1212,47010,12922,7980,25000,20.0900002,99069,50700
Manhattan College,Bachelor's,Graduate,Private,Mid-Atlantic,Large City,0.6617,25,1090,44895,9882,9042,21500,19.7199993,94555,56000
Lakeland College,Bachelor's,Graduate,Private,Great Lakes,Fringe Rural,0.6621,22,1007,32706,4730,6425,19023.5,26.3799992,45209,37900
Lindenwood University,Bachelor's,Graduate,Private,Great Plains,Small City,0.6629,23,1045,30193,3942,6787,20500,23.9300003,62127,35400
Texas Tech University,Bachelor's,Graduate,Public,Southwest,Mid-size City,0.663,25,1116,20900,6813,8757,17750,20.5900002,69477,43900
Niagara University,Bachelor's,Graduate,Private,Mid-Atlantic,Large Suburb,0.6633,23,1038,38829,7355,8135,21000,20.0400009,77507.5,37600
DigiPen Institute of Technology,Bachelor's,Graduate,Private For-Profit,Far West,Small City,0.6635,28,1225,37848,5998,7659,19000,21.2099991,68233,72800
Gonzaga University,Bachelor's,Graduate,Private,Far West,Mid-size City,0.6651,27,1204,46475,9687,8626,26035,20.5799999,87057,47900
Point Loma Nazarene University,Bachelor's,Graduate,Private,Far West,Large City,0.6654,26,1155,43060,9224,9653,20500,21.9699993,78964,43900
Washington College,Bachelor's,Graduate,Private,Mid-Atlantic,Distant Town,0.6655,27,1168,52243,12924,7927,25000,19.2700005,108663.5,40800
Carson-Newman University,Bachelor's,Graduate,Private,Southeast,Small Suburb,0.6657,23,1064,32446,6574,5577,15505,20.9200001,52873,32900
The New School,Bachelor's,Graduate,Private,Mid-Atlantic,Large City,0.6659,25,1131,57203,12326,9716,20500,22.9200001,48618,38200
Miami University-Oxford,Bachelor's,Graduate,Public,Great Lakes,Fringe Town,0.6676,28,1240,30858,10056,8478,16766.5,21.1200008,81424.5,40500
Bemidji State University,Bachelor's,Graduate,Public,Great Plains,Remote Town,0.6678,21,990,18166,5452,7669,13500,23.0799999,53717,35100
Rocky Mountain College,Bachelor's,Graduate,Private,Rocky Mountains,Mid-size City,0.6683,22,1024,32987,6433,5787,16625,22.3799992,52101,33000
Lebanon Valley College,Bachelor's,Graduate,Private,Mid-Atlantic,Small Suburb,0.6686,25,1112,46169,9979,7793,24500,19.9699993,88001.5,41000
Curry College,Bachelor's,Graduate,Private,New England,Large Suburb,0.6692,18,931,47519,9905,8319,18625,21.7900009,74416,41900
Faith Baptist Bible College and Theological Seminary,Bachelor's,Graduate,Private,Great Plains,Large Suburb,0.6693,22,1028,24930,6813,4992,12000,20.3700008,49742,29200
Bradley University,Bachelor's,Graduate,Private,Great Lakes,Mid-size City,0.6694,26,1163,40330,14790,8424,23677,20.1599999,85839,45000
Slippery Rock University of Pennsylvania,Bachelor's,Graduate,Public,Mid-Atlantic,Distant Town,0.6698,21,1002,21303,7194,9336,20500,20.5400009,64717,36100
Concordia College-New York,Bachelor's,Graduate,Private,Mid-Atlantic,Large Suburb,0.6701,18,912,36593,8315,5362,20437.5,22.4500008,64277,38000
Salve Regina University,Bachelor's,Graduate,Private,New England,Large Suburb,0.6706,25,1109,48219,8057,7425,26303.5,19.4699993,100931,44800
Massachusetts College of Liberal Arts,Bachelor's,Graduate,Public,New England,Fringe Town,0.672,23,1032,20025,8508,8113,18499,21.8700008,56421.5,29500
University of Redlands,Bachelor's,Graduate,Private,Far West,Small City,0.672,25,1135,55268,9159,9234,24000,23.6399994,69769,47100
Quinnipiac University,Bachelor's,Graduate,Private,New England,Large Suburb,0.6722,25,1102,53476,13065,8649,21852,19.8999996,108100,54100
Mount St Mary's University,Bachelor's,Graduate,Private,Mid-Atlantic,Fringe Town,0.6741,20,1060,45896,8691,7121,19500,20.3899994,98879,47100
Louisiana Tech University,Bachelor's,Graduate,Public,Southeast,Distant Town,0.6744,24,1089,16983,5668,7055,13632.5,21.4899998,43568,37500
Lesley University,Bachelor's,Graduate,Private,New England,Mid-size City,0.6749,24,1065,47788,9092,7838,19500,24.8999996,55849,33200
Stephens College,Bachelor's,Graduate,Private,Great Plains,Mid-size City,0.6756,23,1047,41309,8833,5017,16416,22.8199997,58312,29800
Siena Heights University,Bachelor's,Graduate,Private,Great Lakes,Distant Town,0.6765,21,990,31980,5261,5676,15328,26.8999996,48925,34500
American International College,Bachelor's,Graduate,Private,New England,Mid-size City,0.6779,19,885,40803,4924,5700,20726,22.6399994,49259,36100
Ohio Northern University,Bachelor's,Graduate,Private,Great Lakes,Fringe Town,0.6785,26,1153,49618,12893,8551,25000,19.9699993,89742,57500
University of Wisconsin-Madison,Bachelor's,Graduate,Public,Great Lakes,Mid-size City,0.6792,28,1268,23718,14278,10758,21000,20.25,87726,48200
Georgia College and State University,Bachelor's,Graduate,Public,Southeast,Distant Town,0.6798,24,1126,23052,7476,6354,16250,20.7299995,72314,36300
Geneva College,Bachelor's,Graduate,Private,Mid-Atlantic,Large Suburb,0.6802,23,1070,34818,7872,6808,20593,25.3099995,60823.5,36300
Siena College,Bachelor's,Graduate,Private,Mid-Atlantic,Large Suburb,0.6805,25,1122,45452,10545,8320,23000,19.7399998,93663,49400
Lenoir-Rhyne University,Bachelor's,Graduate,Private,Southeast,Small City,0.6806,21,976,39425,7048,6600,17714,21.2900009,62412.5,33600
Shorter University,Bachelor's,Graduate,Private,Southeast,Small City,0.6807,21,954,30642,5532,5154,25250,31.6100006,48847,43000
Cornerstone University,Bachelor's,Graduate,Private,Great Lakes,Mid-size City,0.6807,24,1084,33912,6292,5537,17750,27.2600002,55078,32800
Augustana College,Bachelor's,Graduate,Private,Great Plains,Mid-size City,0.6809,24,1105,36828,10615,6488,25249,20.0799999,76993.5,38200
Hannibal-LaGrange University,Bachelor's,Graduate,Private,Great Plains,Remote Town,0.6814,22,1029,27560,4224,5168,13750,24.2099991,49635,31300
Adelphi University,Bachelor's,Graduate,Private,Mid-Atlantic,Large Suburb,0.6814,22,1098,41559,12142,11315,21325,23.1299992,54115,49400
Milligan College,Bachelor's,Graduate,Private,Southeast,Mid-size Suburb,0.683,24,1096,36252,6433,5717,19000,22.5200005,63207.5,36000
College of St Joseph,Bachelor's,Graduate,Private,New England,Remote Town,0.6831,17,842,33200,6464,4163,14250,24.2399998,44493,35300
Midland University,Bachelor's,Graduate,Private,Great Plains,Distant Town,0.6832,21,970,36214,4625,5733,11500,20.7099991,64320,35400
The University of Findlay,Bachelor's,Graduate,Private,Great Lakes,Distant Town,0.6832,24,1083,38941,8412,7043,18770,21.6700001,71474,38700
Delaware Valley College,Bachelor's,Graduate,Private,Mid-Atlantic,Large Suburb,0.6834,22,1005,44778,8110,7140,19500,20.6800003,79773,35800
Milwaukee School of Engineering,Bachelor's,Graduate,Private,Great Lakes,Large City,0.6839,28,1244,43747,10975,8286,25893,20.8999996,77754,61000
Kuyper College,Bachelor's,Graduate,Private,Great Lakes,Large Suburb,0.6842,22,1008,26213,9926,5270,18500,22.25,60731,27300
Campbellsville University,Bachelor's,Graduate,Private,Southeast,Remote Town,0.6844,21,985,31545,5444,5692,12000,22.5699997,45765,29800
Mount Mercy University,Bachelor's,Graduate,Private,Great Plains,Mid-size City,0.6845,22,1010,37183,7292,6007,19500,23.3600006,65962.5,40900
University of North Carolina at Charlotte,Bachelor's,Graduate,Public,Southeast,Large City,0.6852,23,1066,17767,8855,8337,16500,21.9099999,51983,38300
University of Kentucky,Bachelor's,Graduate,Public,Southeast,Large City,0.6861,25,1140,22420,10793,9614,14000,21.1299992,57564,39300
Michigan State University,Bachelor's,Graduate,Public,Great Lakes,Small City,0.6865,26,1158,23740,14386,10614,22734,20.2000008,78152,46800
Wheaton College,Bachelor's,Graduate,Private,Great Lakes,Large Suburb,0.6871,30,1318,41394,14865,8328,21179,19.5200005,83641,39700
Lincoln Christian University,Bachelor's,Graduate,Private,Great Lakes,Distant Town,0.6875,22,996,25309,5975,5114,18012,23.6599999,56424,27400
Saint Vincent College,Bachelor's,Graduate,Private,Mid-Atlantic,Large Suburb,0.6875,23,1035,41591,7914,7116,25000,19.8299999,80131,40600
Mount Aloysius College,Associate,Graduate,Private,Mid-Atlantic,Fringe Town,0.6876,20,915,30884,5798,6238,15111.5,24.8600006,42148,35200
Charleston Southern University,Bachelor's,Graduate,Private,Southeast,Small City,0.6887,21,973,33245,5888,6087,15750,21.9300003,44120.5,32400
Wheeling Jesuit University,Bachelor's,Graduate,Private,Southeast,Small City,0.6892,22,1023,34213,6856,5731,16625,22.5900002,66698,40000
Illinois State University,Bachelor's,Graduate,Public,Great Lakes,Mid-size Suburb,0.6892,24,1110,25416,9950,7665,18750,20.4599991,82019,40600
Mercer University,Bachelor's,Graduate,Private,Southeast,Small City,0.69,26,1171,46382,10646,7918,21500,26.6399994,48287.5,43900
Loras College,Bachelor's,Graduate,Private,Great Plains,Small City,0.6903,24,1088,37622,6903,6173,24225,20.1599999,79300,38200
University of Charleston,Bachelor's,Graduate,Private,Southeast,Small City,0.6905,22,991,32147,6862,6012,10250,21.5900002,56456,37600
Virginia Commonwealth University,Bachelor's,Graduate,Public,Southeast,Mid-size City,0.6913,24,1102,25291,12826,8242,19125,21.4200001,55696,38600
Rhode Island College,Bachelor's,Graduate,Public,New England,Large Suburb,0.6915,20,930,14858,7628,7607,15462,22.0699997,52408,35300
University of Northwestern-St Paul,Bachelor's,Graduate,Private,Great Plains,Large Suburb,0.6915,25,1126,37803,7118,6078,18636.5,23.3600006,65093,32100
Salem State University,Bachelor's,Graduate,Public,New England,Large Suburb,0.6929,22,986,20601,7761,8765,19415,21.75,51386,37600
William Jessup University,Bachelor's,Graduate,Private,Far West,Fringe Rural,0.6929,23,1039,34811,6607,7043,17000,25.0799999,56144,30300
Hollins University,Bachelor's,Graduate,Private,Southeast,Mid-size Suburb,0.693,24,1099,46049,14451,6552,23869.5,21.4500008,63661.5,28600
University of Southern Indiana,Bachelor's,Graduate,Public,Great Lakes,Mid-size Suburb,0.6934,22,1004,17996,5112,6363,13500,21.2600002,57798,31300
Saint Mary's College of California,Bachelor's,Graduate,Private,Far West,Fringe Rural,0.6947,25,1115,56500,12462,9229,21500,22.0400009,65861,50300
Texas A & M University-College Station,Bachelor's,Graduate,Public,Southwest,Small City,0.6947,26,1182,20819,13297,10287,16566.5,20.1399994,71288,49000
Benedictine University,Bachelor's,Graduate,Private,Great Lakes,Large Suburb,0.695,22,1030,35481,5558,7686,17188,24.9500008,53068,43400
Buena Vista University,Bachelor's,Graduate,Private,Great Plains,Remote Town,0.6955,23,1050,39011,7412,6736,17879,24.8799992,47120.5,36100
University of Northern Colorado,Bachelor's,Graduate,Public,Rocky Mountains,Small City,0.6957,22,1029,19105,7571,7487,14250,21.25,69484,36200
Elizabethtown College,Bachelor's,Graduate,Private,Mid-Atlantic,Large Suburb,0.6957,25,1117,47390,13704,8137,23872.5,21.25,90303,44400
Indiana University-Purdue University-Indianapolis,Bachelor's,Graduate,Public,Great Lakes,Large City,0.6958,22,1013,20846,15311,7713,16500,23.6900005,43017,37400
Warren Wilson College,Bachelor's,Graduate,Private,Southeast,Large Suburb,0.696,25,1136,41000,10902,5066,14000,20.1000004,65481,20200
Erskine College,Bachelor's,Graduate,Private,Southeast,Distant Rural,0.6973,22,1010,45198,8075,5887,19444.5,19.3799992,66611,33000
Calvin College,Bachelor's,Graduate,Private,Great Lakes,Mid-size City,0.6975,26,1183,39013,13845,7208,22500,19.6599999,93258,38100
Vanguard University of Southern California,Bachelor's,Graduate,Private,Far West,Mid-size City,0.6977,23,980,41952,6369,7714,19895,22.6299992,67855,33900
Alfred University,Bachelor's,Graduate,Private,Mid-Atlantic,Remote Town,0.698,25,1106,38830,10891,6408,21500,19.8799992,69334,35400
John Brown University,Bachelor's,Graduate,Private,Southeast,Distant Town,0.6982,25,1144,33326,7040,6425,17900,25.4300003,53841.5,43100
Massachusetts College of Art and Design,Bachelor's,Graduate,Public,New England,Large City,0.6982,25,1081,25384,11176,9403,22500,21.4799995,60374,30200
Campbell University,Bachelor's,Graduate,Private,Southeast,Fringe Town,0.6983,22,1030,40323,8835,7536,17000,22.7800007,50771,41000
Regis University,Bachelor's,Graduate,Private,Rocky Mountains,Large City,0.6986,24,1087,43058,6188,6685,20501,29.9400005,53578.5,49100
Wagner College,Bachelor's,Graduate,Private,Mid-Atlantic,Large City,0.6988,25,1154,49453,10939,7949,22875,19.8999996,94891,50800
Springfield College,Bachelor's,Graduate,Private,New England,Mid-size City,0.6992,23,1029,44829,10324,8240,20500,28.6399994,50430,39900
Concordia University-Wisconsin,Bachelor's,Graduate,Private,Great Lakes,Large Suburb,0.6992,23,1049,36660,7156,8016,14250,26.8099995,56964,38700
Middle Tennessee State University,Bachelor's,Graduate,Public,Southeast,Mid-size City,0.6996,22,1011,17501,7418,7029,15000,22.0799999,42980,33100
Xavier University,Bachelor's,Graduate,Private,Great Lakes,Large City,0.6997,25,1132,45080,10197,8089,24000,21.6200008,88138,43700
Indiana University-South Bend,Bachelor's,Graduate,Public,Great Lakes,Mid-size City,0.7003,21,962,17377,7174,5575,14000,24,42462,31300
Clearwater Christian College,Bachelor's,Graduate,Private,Southeast,Mid-size City,0.7009,22,1026,28463,5545,4964,13000,20.2700005,49122,31100
Westmont College,Bachelor's,Graduate,Private,Far West,Mid-size Suburb,0.7016,27,1193,51760,14814,9329,19500,19.3799992,96799,39200
Carthage College,Bachelor's,Graduate,Private,Great Lakes,Mid-size Suburb,0.7018,24,1105,44910,9002,7638,20750,21.0799999,89579,40700
Dakota Wesleyan University,Bachelor's,Graduate,Private,Great Plains,Remote Town,0.7023,23,1058,31596,5538,5452,18500,22.3799992,42134,33600
College of Charleston,Bachelor's,Graduate,Public,Southeast,Mid-size City,0.7031,26,1165,25086,8234,7747,17000,20.5799999,71255,35800
Northwest Christian University,Bachelor's,Graduate,Private,Far West,Mid-size City,0.7044,21,974,34807,4480,5040,17587.5,27.1200008,49421,36100
Viterbo University,Bachelor's,Graduate,Private,Great Lakes,Small City,0.706,24,1090,32956,6562,6099,21500,24.4400005,57043.5,37300
Judson University,Bachelor's,Graduate,Private,Great Lakes,Mid-size City,0.7069,23,1045,37635,8737,6071,18245.5,26.3999996,67400.5,36300
University of Nebraska at Omaha,Bachelor's,Graduate,Public,Great Plains,Large City,0.7078,23,1070,16860,7900,7860,13631,21.6700001,57671,38300
Champlain College,Bachelor's,Graduate,Private,New England,Small City,0.7079,25,1122,44636,8683,7305,21500,21.8999996,80415,37900
University of Louisville,Bachelor's,Graduate,Public,Southeast,Large City,0.7112,25,1142,21922,15806,9373,13300,22.1200008,45597.5,35800
Manchester University,Bachelor's,Graduate,Private,Great Lakes,Distant Town,0.7116,22,1017,38505,5778,6924,19500,19.9099999,74409.5,35900
University of Mount Union,Bachelor's,Graduate,Private,Great Lakes,Fringe Town,0.712,23,1050,37502,8974,6839,23557.5,19.7299995,74701.5,39100
West Liberty University,Bachelor's,Graduate,Public,Southeast,Fringe Rural,0.7122,21,984,18406,4959,6482,15000,21.3999996,48827.5,30800
University of the Cumberlands,Bachelor's,Graduate,Private,Southeast,Remote Town,0.7127,22,1019,30993,4050,5417,9500,21.0400009,48248,30100
Aquinas College,Bachelor's,Graduate,Private,Great Lakes,Mid-size City,0.7135,24,1090,34593,6032,5972,19474,21.7199993,72085,31200
University of Illinois at Chicago,Bachelor's,Graduate,Public,Great Lakes,Large City,0.714,24,1092,25248,25773,9797,14750,21.0699997,41721,47000
Maranatha Baptist University,Bachelor's,Graduate,Private,Great Lakes,Fringe Town,0.7146,23,1061,23879,4389,3814,12000,19.7399998,51539,27500
Concordia University-Nebraska,Bachelor's,Graduate,Private,Great Plains,Distant Town,0.7152,24,1091,33226,5404,6086,18225,20.0900002,68665,33700
Trine University,Bachelor's,Graduate,Private,Great Lakes,Distant Town,0.7157,24,1095,40679,5574,7319,16950,23.3400002,59270,39200
Bethel College-Indiana,Bachelor's,Graduate,Private,Great Lakes,Small City,0.7158,24,1047,33617,7756,5506,18275,25.7399998,54043,33200
Defiance College,Bachelor's,Graduate,Private,Great Lakes,Distant Town,0.716,21,964,38824,6401,5811,16000,21.6599999,65722,35200
Endicott College,Bachelor's,Graduate,Private,New England,Large Suburb,0.7165,23,1070,44177,5860,8415,23250,19.8700008,109499.5,43800
Bryan College of Health Sciences,Bachelor's,Graduate,Private,Great Plains,Large City,0.7167,23,1070,26429,13430,5510,22000,26.2299995,49522,45600
Midwestern State University,Bachelor's,Graduate,Public,Southwest,Mid-size City,0.7178,21,993,15704,8018,7118,14950,22.7600002,42383.5,35600
Malone University,Bachelor's,Graduate,Private,Great Lakes,Small City,0.7179,23,1046,35213,6567,6277,19549,24.7099991,63498,36600
Elmhurst College,Bachelor's,Graduate,Private,Great Lakes,Large Suburb,0.718,24,1084,41472,8096,7596,18791.5,22.2199993,67472.5,42700
School of the Art Institute of Chicago,Bachelor's,Graduate,Private,Great Lakes,Large City,0.7184,23,1065,55551,14724,9208,19503,22.3799992,42495.5,28800
Millersville University of Pennsylvania,Bachelor's,Graduate,Public,Mid-Atlantic,Large Suburb,0.7186,22,1014,21756,7862,9485,18500,20.6299992,73644,39400
Rider University,Bachelor's,Graduate,Private,Mid-Atlantic,Large Suburb,0.7187,22,1038,48163,12584,10318,22125,20.8099995,81460,43800
Dominican College of Blauvelt,Bachelor's,Graduate,Private,Mid-Atlantic,Large Suburb,0.7189,21,899,35825,7242,7601,19000,22.8099995,50370,43700
Oklahoma City University,Bachelor's,Graduate,Private,Southwest,Large City,0.7198,26,1163,41431,12581,7055,19749,24.0100002,52723,37000
University of Wisconsin-La Crosse,Bachelor's,Graduate,Public,Great Lakes,Small City,0.72,25,1130,17896,6370,6650,18428.5,20.1399994,81510.5,40400
St Mary's College of Maryland,Bachelor's,Graduate,Public,Mid-Atlantic,Small Suburb,0.7204,28,1221,29174,13542,6981,19130,19.6700001,103581.5,42900
Keystone College,Bachelor's,Graduate,Private,Mid-Atlantic,Large Suburb,0.7205,19,901,31012,5705,6328,16836,22.2299995,45833,28500
Fitchburg State University,Bachelor's,Graduate,Public,New England,Mid-size Suburb,0.7211,20,987,17686,7938,8371,15529.5,21.2700005,70609.5,38700
University of Massachusetts-Dartmouth,Bachelor's,Graduate,Public,New England,Mid-size Suburb,0.7213,23,1061,23763,10528,10405,19500,20.6900005,69531.5,41100
Seattle Pacific University,Bachelor's,Graduate,Private,Far West,Large City,0.7214,26,1145,45125,10210,8258,20981.5,20.1700001,81735,40500
Indiana University-Bloomington,Bachelor's,Graduate,Public,Great Lakes,Small City,0.7217,27,1198,23043,13471,9431,19500,20.2600002,80326,42000
Purdue University-North Central Campus,Bachelor's,Graduate,Public,Great Lakes,Fringe Rural,0.7218,20,954,13713,4976,6971,12285.5,23.6900005,47378,32800
Truman State University,Bachelor's,Graduate,Public,Great Plains,Remote Town,0.7219,28,1243,19689,8626,7038,17500,19.6499996,80910,38000
MidAmerica Nazarene University,Bachelor's,Graduate,Private,Great Plains,Large Suburb,0.7223,20,950,32388,5381,6156,15000,24.5,60929,39200
Tusculum College,Bachelor's,Graduate,Private,Southeast,Distant Town,0.7225,21,961,32783,3596,4906,20070,27.25,41744.5,34900
Indiana Institute of Technology,Bachelor's,Graduate,Private,Great Lakes,Large City,0.7225,20,934,35911,3479,6965,10250,29.1599999,43973.5,37600
Winthrop University,Bachelor's,Graduate,Public,Southeast,Small City,0.7225,22,1030,24595,8527,7223,19976,20.6800003,56621.5,33100
Mount Marty College,Bachelor's,Graduate,Private,Great Plains,Remote Town,0.7239,23,1050,33103,7145,5217,20500,23.1200008,48944.5,32700
Northwest Missouri State University,Bachelor's,Graduate,Public,Great Plains,Remote Town,0.7241,23,1050,17005,7623,6501,14815,20.3199997,62365.5,34400
Regis College,Bachelor's,Graduate,Private,New England,Large Suburb,0.7243,21,954,47432,7977,7055,24500,21.7099991,55309,41000
Thomas College,Bachelor's,Graduate,Private,New England,Fringe Rural,0.7244,19,895,33792,3782,6177,18059.5,20.2099991,55433,33200
Bowling Green State University-Main Campus,Bachelor's,Graduate,Public,Great Lakes,Fringe Town,0.7247,22,1009,22416,8529,7669,17500,20.8199997,70038,35500
The University of Tennessee-Knoxville,Bachelor's,Graduate,Public,Southeast,Mid-size City,0.7249,27,1199,24746,20792,9976,15250,21.1200008,55229,39000
Canisius College,Bachelor's,Graduate,Private,Mid-Atlantic,Large City,0.7251,25,1101,42796,8788,7530,20000,19.7000008,78118,40800
Roberts Wesleyan College,Bachelor's,Graduate,Private,Mid-Atlantic,Large Suburb,0.726,23,1046,38826,10436,6293,20432,25.1700001,57714,37600
Cleary University,Bachelor's,Graduate,Private,Great Lakes,Mid-size City,0.7263,21,976,17823,4903,5403,20832,31,55340,47800
University of the Pacific,Bachelor's,Graduate,Private,Far West,Large City,0.7265,26,1172,52406,17606,10089,21250,22.0300007,40951,64000
The College of Saint Scholastica,Bachelor's,Graduate,Private,Great Plains,Small City,0.7265,24,1085,40685,7878,6904,19310.5,24.0599995,63879,46300
Molloy College,Bachelor's,Graduate,Private,Mid-Atlantic,Large Suburb,0.7267,23,1054,36702,12758,8716,25000,23.7900009,58419,53600
Biola University,Bachelor's,Graduate,Private,Far West,Large Suburb,0.7286,25,1123,44573,10435,8924,19688,22.2099991,71594,37600
Ohio University-Main Campus,Bachelor's,Graduate,Public,Great Lakes,Distant Town,0.7295,24,1104,23605,9768,8294,14457,21.9300003,62815,35800
College of Mount Saint Vincent,Bachelor's,Graduate,Private,Mid-Atlantic,Large City,0.731,20,919,37738,8295,8049,25000,20.7700005,53055.5,46500
Northern Michigan University,Bachelor's,Graduate,Public,Great Lakes,Remote Town,0.7313,22,1030,18466,6506,7442,14601,21.3400002,57707,30800
Wheelock College,Bachelor's,Graduate,Private,New England,Large City,0.7318,22,996,45591,13033,6999,25859,21.3500004,65102,35300
Seattle University,Bachelor's,Graduate,Private,Far West,Large City,0.7323,27,1175,50610,15139,9051,24000,21.6100006,59408,49500
University of Cincinnati-Main Campus,Bachelor's,Graduate,Public,Great Lakes,Large City,0.7325,25,1141,25799,10476,9079,15000,23,50863,36200
Westminster College,Bachelor's,Graduate,Private,Mid-Atlantic,Fringe Town,0.7336,23,1040,42474,8865,6470,26000,19.5900002,75532,37300
Tabor College,Bachelor's,Graduate,Private,Great Plains,Remote Town,0.735,23,1017,35960,5268,4248,15000,22.75,59463,35300
York College Pennsylvania,Bachelor's,Graduate,Private,Mid-Atlantic,Mid-size Suburb,0.7351,23,1045,27266,8057,8887,20500,20.6000004,86883.5,43600
Indiana University-Kokomo,Bachelor's,Graduate,Public,Great Lakes,Small City,0.7355,21,950,15874,5515,5680,12050,25.4099999,42220,33900
East Texas Baptist University,Bachelor's,Graduate,Private,Southwest,Distant Town,0.7362,20,957,30172,7590,6153,11411,20.8299999,52871,37500
Hastings College,Bachelor's,Graduate,Private,Great Plains,Distant Town,0.7364,24,1083,35673,7894,6292,20500,19.8400002,72062,38500
University of North Dakota,Bachelor's,Graduate,Public,Great Plains,Small City,0.737,24,1090,20538,16008,8361,16728,20.9899998,72841.5,42600
Otterbein University,Bachelor's,Graduate,Private,Great Lakes,Large Suburb,0.7374,24,1087,41646,9507,7287,22000,21.1200008,75737,37100
Point Park University,Bachelor's,Graduate,Private,Mid-Atlantic,Large City,0.7393,22,997,36726,8943,7853,22250,23.8600006,46028,32700
Cedarville University,Bachelor's,Graduate,Private,Great Lakes,Fringe Town,0.7401,27,1195,33652,9988,6831,19500,19.6299992,83099,36000
Coastal Carolina University,Bachelor's,Graduate,Public,Southeast,Small City,0.7404,21,993,21601,7879,7130,14750,20.5599995,67086.5,32500
Embry-Riddle Aeronautical University-Daytona Beach,Bachelor's,Graduate,Private,Southeast,Small City,0.7405,24,1105,45648,16386,8505,16500,23.2299995,52839,53800
New York Institute of Technology,Bachelor's,Graduate,Private,Mid-Atlantic,Large Suburb,0.7407,22,1039,39014,15085,11418,17250,26.0799999,40609.5,46800
Duquesne University,Bachelor's,Graduate,Private,Mid-Atlantic,Large City,0.7409,25,1122,42280,10729,8863,25500,20.9599991,81511,51600
Union University,Bachelor's,Graduate,Private,Southeast,Small City,0.7412,26,1174,40415,9119,7369,20750,24.0100002,53200.5,37700
University of Oregon,Bachelor's,Graduate,Public,Far West,Mid-size City,0.7417,25,1108,22390,11641,8828,18309,21.7299995,54318,38000
Louisiana College,Bachelor's,Graduate,Private,Southeast,Small Suburb,0.7423,21,968,22940,7234,5513,11750,20.9699993,49554.5,37800
Cabrini College,Bachelor's,Graduate,Private,Mid-Atlantic,Large Suburb,0.7428,20,896,43541,7095,7005,14875,20.4400005,91613,38600
Ashland University,Bachelor's,Graduate,Private,Great Lakes,Fringe Town,0.7438,23,1043,40835,7945,6922,21500,23.0599995,63187.5,36300
University of New Haven,Bachelor's,Graduate,Private,New England,Large Suburb,0.7441,23,1034,48280,8635,9407,20500,20.6399994,78636,44000
California Maritime Academy,Bachelor's,Graduate,Public,Far West,Mid-size City,0.748,24,1080,22223,13827,8259,21500,21.6000004,60317.5,74300
Life Pacific College,Bachelor's,Graduate,Private,Far West,Large Suburb,0.7482,20,930,24492,3393,6394,13000,23.3999996,45853,24900
Saint Mary's University of Minnesota,Bachelor's,Graduate,Private,Great Plains,Distant Town,0.7485,23,1068,38470,5196,6585,18054,22.9400005,75332,39300
Westfield State University,Bachelor's,Graduate,Public,New England,Large Suburb,0.7487,20,995,19468,7042,8356,16250,20.4300003,78180,39300
School of Visual Arts,Bachelor's,Graduate,Private For-Profit,Mid-Atlantic,Large City,0.7489,23,1020,48993,11276,4887,23500,21.0799999,51909,35000
College of Our Lady of the Elms,Bachelor's,Graduate,Private,New England,Large Suburb,0.7492,19,928,40802,6539,6340,22160.5,23.6900005,71106.5,41300
LIM College,Bachelor's,Graduate,Private For-Profit,Mid-Atlantic,Large City,0.7502,20,907,41111,4491,6582,20000,20.0200005,69085,42300
University of Scranton,Bachelor's,Graduate,Private,Mid-Atlantic,Small City,0.7503,25,1121,51962,10141,9400,26442,20.0699997,93993,50800
Texas State University,Bachelor's,Graduate,Public,Southwest,Small Suburb,0.7508,23,1045,19721,6379,7528,15750,21.9500008,48876,40700
Saint Michael's College,Bachelor's,Graduate,Private,New England,Mid-size Suburb,0.7511,26,1173,48894,10627,8319,25000,19.4200001,96675.5,41600
William Woods University,Bachelor's,Graduate,Private,Great Plains,Distant Town,0.7514,23,1047,33016,6016,5301,15985,24.2199993,58119,32500
Saint Johns University,Bachelor's,Graduate,Private,Great Plains,Fringe Rural,0.7516,26,1155,46397,12673,7899,23150,19.5499992,99495,51100
Westminster College,Bachelor's,Graduate,Private,Rocky Mountains,Mid-size City,0.7517,25,1134,37990,10682,8393,17958,23.4099999,50415,41700
Waynesburg University,Bachelor's,Graduate,Private,Mid-Atlantic,Distant Town,0.7523,23,1015,28822,8294,6633,23000,23.3500004,64789,39300
George Fox University,Bachelor's,Graduate,Private,Far West,Fringe Town,0.7528,23,1070,41836,8922,6742,18750,22.75,66182,38300
Mercyhurst University,Bachelor's,Graduate,Private,Mid-Atlantic,Mid-size City,0.7536,24,1064,42367,11645,5387,16000,22.2900009,66871,36100
Saint Joseph's College-New York,Bachelor's,Graduate,Private,Mid-Atlantic,Large City,0.7538,23,1054,25290,7860,8720,19500,23.8700008,66404,47800
The University of the Arts,Bachelor's,Graduate,Private,Mid-Atlantic,Large City,0.7539,22,1010,52401,12248,6980,25394,19.8899994,81397,26600
Southern Connecticut State University,Bachelor's,Graduate,Public,New England,Mid-size City,0.7542,20,921,18628,10676,8318,17404,21.1499996,62972.5,38400
Dordt College,Bachelor's,Graduate,Private,Great Plains,Remote Town,0.7542,25,1119,37080,8671,5959,19500,19.6700001,74121,35600
Rockhurst University,Bachelor's,Graduate,Private,Great Plains,Large City,0.7543,26,1164,40582,7167,6863,14684,22.0200005,73905.5,43400
University of Wisconsin-Parkside,Bachelor's,Graduate,Public,Great Lakes,Mid-size Suburb,0.7547,21,990,15218,6228,6277,14054,22.0300007,51714.5,33600
Marian University,Bachelor's,Graduate,Private,Great Lakes,Small City,0.7561,20,950,33656,6075,6545,21500,24.5100002,61347,37500
DeSales University,Bachelor's,Graduate,Private,Mid-Atlantic,Fringe Rural,0.758,24,1069,45331,8232,6520,19500,22.8099995,77146,43600
Holy Family University,Bachelor's,Graduate,Private,Mid-Atlantic,Large City,0.7585,19,933,31949,8855,6991,22498.5,23.8500004,58483.5,46800
McDaniel College,Bachelor's,Graduate,Private,Mid-Atlantic,Small Suburb,0.7587,24,1105,45866,8839,7035,22000,19.7800007,89429,42000
Ferris State University,Bachelor's,Graduate,Public,Great Lakes,Remote Town,0.759,22,1010,21498,8696,7942,17562,21.8700008,59172,38400
Aurora University,Bachelor's,Graduate,Private,Great Lakes,Large Suburb,0.7595,22,1011,31145,4697,7064,15000,22.2000008,61464,36600
Muskingum University,Bachelor's,Graduate,Private,Great Lakes,Distant Town,0.7596,21,983,33630,8196,7269,18751,20.75,70305,34100
Oklahoma State University-Main Campus,Bachelor's,Graduate,Public,Southwest,Distant Town,0.7602,25,1138,21338,8346,8254,14750.5,21.3999996,52462,39800
Capital University,Bachelor's,Graduate,Private,Great Lakes,Large Suburb,0.7604,24,1102,42600,9026,8743,21500,22.4500008,64146.5,39800
Saint Francis University,Bachelor's,Graduate,Private,Mid-Atlantic,Fringe Town,0.7606,23,1026,42492,7042,7194,26123,20.5200005,72643.5,43900
Franciscan University of Steubenville,Bachelor's,Graduate,Private,Great Lakes,Small City,0.7607,26,1163,32761,7014,7306,20500,20.5400009,82655.5,33100
Maryville University of Saint Louis,Bachelor's,Graduate,Private,Great Plains,Large Suburb,0.7611,25,1142,37968,6897,7411,19909,23.8600006,65418,43200
Lasell College,Bachelor's,Graduate,Private,New England,Small City,0.7614,21,974,43854,6324,7409,23000,19.4799995,77869,34600
Louisiana State University and Agricultural & Mechanical College,Bachelor's,Graduate,Public,Southeast,Fringe Rural,0.7623,26,1162,20422,9914,9190,13000,20.5499992,52648,42800
Harding University,Bachelor's,Graduate,Private,Southeast,Distant Town,0.7628,25,1139,25475,9503,7082,19801.5,20.5900002,76594,35500
University of Wisconsin-Eau Claire,Bachelor's,Graduate,Public,Great Lakes,Small City,0.7646,24,1110,18066,6718,6886,17823.5,20.4099999,78332,39900
Bryant University,Bachelor's,Graduate,Private,New England,Large Suburb,0.7655,25,1137,50858,8913,12905,26706,19.5200005,104089,57800
Edgewood College,Bachelor's,Graduate,Private,Great Lakes,Mid-size City,0.7656,23,1050,35645,7703,5576,20568,22.5,63152,40300
Michigan Technological University,Bachelor's,Graduate,Public,Great Lakes,Remote Town,0.7659,27,1206,24724,11415,9142,21812,19.9200001,76868.5,57400
Creighton University,Bachelor's,Graduate,Private,Great Plains,Large City,0.7665,27,1214,46248,13789,9081,21500,20.8099995,80669.5,51200
The University of Tennessee-Martin,Bachelor's,Graduate,Public,Southeast,Remote Town,0.7668,23,1050,16227,7336,6882,15134.5,21.9699993,41497,32000
University of Denver,Bachelor's,Graduate,Private,Rocky Mountains,Large City,0.7673,28,1231,53614,14113,8914,20832,22.8700008,55997.5,47600
Pacific Lutheran University,Bachelor's,Graduate,Private,Far West,Large Suburb,0.7676,25,1112,45299,11672,7369,22695,21.5300007,67839.5,42600
Old Dominion University,Bachelor's,Graduate,Public,Southeast,Mid-size City,0.7679,21,1016,20531,8097,8729,18000,23.1200008,48850,39200
Pace University-New York,Bachelor's,Graduate,Private,Mid-Atlantic,Large City,0.7683,23,1043,50625,10191,11627,19500,21.4899998,50322,51000
Queens University of Charlotte,Bachelor's,Graduate,Private,Southeast,Large City,0.7686,24,1058,40930,9180,4064,18812.5,25.3700008,45248.5,38100
Nebraska Wesleyan University,Bachelor's,Graduate,Private,Great Plains,Large City,0.7689,24,1109,36429,6896,6285,19500,20.8799992,74606,40800
University of Arizona,Bachelor's,Graduate,Public,Southwest,Large City,0.7692,24,1106,23905,11382,10320,13500,21.5200005,46758,40000
